,"Last updated: Sep 5th, 2025 by Nila",,GENERAL INFORMATION,,,,,,,,,DEFENSIVE STATS - SUMMARY,,,,,,,,DEFENSIVE STATS - BREAKDOWN & DETAIL,,,,,,,,,DEFENSIVE STATS - RAW NUMBER,,,,,OFFENSIVE STATS - SUMMARY,,,,,,,,,,,OFFENSIVE STATS - BREAKDOWN & DETAIL,,,,,,,,,OFFENSIVE STATS - RAW NUMBER,,,,,MISCELLANEOUS,
ID,Level,"Name
(discord.gg/9j2WnTAnMu)",Base EXP,Job EXP,Zeny,Element,Race,Size,Card Effects,Card Slot,,Max HP,Total Final P.DEF,Total Final M.DEF,Final P.DMG Reduction,Final M.DMG Reduction,Total Final Anti-Crit,Total Final Flee,,P.DEF (in %),Final P.DEF,M.DEF (in %),Final M.DEF,Anti-Crit (in %),Final Anti-Crit,Flee (in %),Final Flee,,P.DEF,M.DEF,Anti-Crit,Flee,,P.ATK,M.ATK,P.DMG Bonus,M.DMG Bonus,Total Final P.PEN,Total Final M.PEN,Final P.DMG Bonus,Final M.DMG Bonus,Total Final Crit,Total Final Hit,,P.PEN (in %),Final P.PEN,M.PEN (in %),Final M.PEN,Crit (in %),Final Crit,Hit (in %),Final Hit,,P.PEN,M.PEN,Crit,Hit,,Spawn Location,Type
,120,Average MVP Lv.120,,,,Shadow,Demon,Large,,,,,185.16%,,140.46%,,,,,44.701%,140.463%,,,,,,,,"1,264",,,,,,,,,,,,,,,,,,,,,,,,,,,,,,,BOSS
,120,Average MINI Lv.120,,,,Water,Demon,Medium,,,,,211.02%,,169.23%,,,,,41.537%,169.483%,,,,,,,,985,,,,,,,,,,,,,,,,,,,,,,,,,,,,,,,BOSS
,120,Average MVP MINI Lv.120,,,,Shadow,Demon,Large,,,,,198.09%,,154.85%,,,,,43.119%,154.973%,,,,,,,,"1,125",,,,,,,,,,,,,,,,,,,,,,,,,,,,,,,BOSS
,130,Average MVP Lv.130,,,,Shadow,Demon,Large,,,,,182.27%,235.97%,148.10%,183.25%,,,,34.171%,148.101%,,,,,,,,683,,,,,,,,,,,,,,,,,,,,,,,,,,,,,,,BOSS
,130,Average MINI Lv.130,,,,Water,Demon,Medium,,,,,206.45%,243.92%,165.52%,197.01%,,,,36.764%,169.685%,,,,,,,,783,,,,,,,,,,,,,,,,,,,,,,,,,,,,,,,BOSS
,130,Average MVP MINI Lv.130,,,,Shadow,Demon,Large,,,,,194.36%,239.95%,156.81%,190.13%,,,,35.467%,158.893%,,,,,,,,733,,,,,,,,,,,,,,,,,,,,,,,,,,,,,,,BOSS
,140,Average MVP Lv.140,,,,Shadow,Demon,Large,,,,,155.32%,,191.35%,,,,,,146.67%,,,,,,,,,,,,,,,,,,,,,,,,,,,,,,,,,,,,,,,BOSS
,140,Average MINI Lv.140,,,,Water,Demon,Medium,,,,,161.41%,,233.48%,,,,,,152.04%,,,,,,,,,,,,,,,,,,,,,,,,,,,,,,,,,,,,,,,BOSS
,140,Average MVP MINI Lv.140,,,,Shadow,Demon,Large,,,,,158.37%,,212.41%,,,,,,149.35%,,,,,,,,,,,,,,,,,,,,,,,,,,,,,,,,,,,,,,,BOSS
,150,Average MVP Lv.150,,,,Shadow,Demon,Large,,,,,191.03%,,283.92%,,,,,,180.03%,,,,,,,,,,,,,,,,,,,,,,,,,,,,,,,,,,,,,,,BOSS
,150,Average MINI Lv.150,,,,Water,Demon,Medium,,,,,198.53%,,324.23%,,,,,,184.73%,,,,,,,,,,,,,,,,,,,,,,,,,,,,,,,,,,,,,,,BOSS
,150,Average MVP MINI Lv.150,,,,Shadow,Demon,Large,,,,,194.78%,,304.08%,,,,,,182.38%,,,,,,,,,,,,,,,,,,,,,,,,,,,,,,,,,,,,,,,BOSS
,140,Average Small MVP Lv.140,,,,Wind,Insect,Small,,,,,130.18%,,272.80%,,,,,,130.18%,,,,,,,,,,,,,,,,,,,,,,,,,,,,,,,,,,,,,,,BOSS
,140,Average Medium MVP Lv.140,,,,Shadow,Demon,Medium,,,,,199.62%,,195.88%,,,,,,167.64%,,,,,,,,,,,,,,,,,,,,,,,,,,,,,,,,,,,,,,,BOSS
,140,Average Large MVP Lv.140,,,,Shadow,Demi-Human,Large,,,,,143.05%,,184.84%,,,,,,128.68%,,,,,,,,,,,,,,,,,,,,,,,,,,,,,,,,,,,,,,,BOSS
,140,Average Small MINI Lv.140,,,,Wind,Insect,Small,,,,,161.12%,,225.97%,,,,,,127.28%,,,,,,,,,,,,,,,,,,,,,,,,,,,,,,,,,,,,,,,BOSS
,140,Average Medium MINI Lv.140,,,,Holy,Demon,Medium,,,,,148.23%,,212.13%,,,,,,135.36%,,,,,,,,,,,,,,,,,,,,,,,,,,,,,,,,,,,,,,,BOSS
,140,Average Large MINI Lv.140,,,,Water,Fish,Large,,,,,178.61%,,267.37%,,,,,,165.63%,,,,,,,,,,,,,,,,,,,,,,,,,,,,,,,,,,,,,,,BOSS
,150,Average Small MVP Lv.150,,,,Wind,Insect,Small,,,,,161.98%,,361.00%,,,,,,161.98%,,,,,,,,,,,,,,,,,,,,,,,,,,,,,,,,,,,,,,,BOSS
,150,Average Medium MVP Lv.150,,,,Shadow,Demon,Medium,,,,,240.07%,,273.72%,,,,,,202.71%,,,,,,,,,,,,,,,,,,,,,,,,,,,,,,,,,,,,,,,BOSS
,150,Average Large MVP Lv.150,,,,Shadow,Demi-Human,Large,,,,,177.51%,,282.29%,,,,,,161.04%,,,,,,,,,,,,,,,,,,,,,,,,,,,,,,,,,,,,,,,BOSS
,150,Average Small MINI Lv.150,,,,Wind,Insect,Small,,,,,198.01%,,312.15%,,,,,,158.00%,,,,,,,,,,,,,,,,,,,,,,,,,,,,,,,,,,,,,,,BOSS
,150,Average Medium MINI Lv.150,,,,Holy,Demon,Medium,,,,,182.88%,,304.72%,,,,,,169.10%,,,,,,,,,,,,,,,,,,,,,,,,,,,,,,,,,,,,,,,BOSS
,150,Average Large MINI Lv.150,,,,Water,Fish,Large,,,,,219.08%,,359.67%,,,,,,205.75%,,,,,,,,,,,,,,,,,,,,,,,,,,,,,,,,,,,,,,,BOSS
,,,,,,,,,,,,,,,,,,,,,,,,,,,,,,,,,,,,,,,,,,,,,,,,,,,,,,,,,,,,
,120,Phreeoni Lv.120,,,,Neutral,Brute,Large,,,,,119.96%,,29.07%,,,,,90.895%,29.069%,,,,,,,,"4,360",,,,,,,,,,,,,,,,,,,,,,,,,,,,,,,BOSS
,120,Mistress Lv.120,,,,Wind,Insect,Small,,,,,251.94%,,204.10%,,,,,47.840%,204.100%,,,,,,,,"1,267",,,,,,,,,,,,,,,,,,,,,,,,,,,,,,,BOSS
,120,Eddga Lv.120,,,,Fire,Brute,Large,,,,,219.37%,,175.90%,,,,,43.467%,175.900%,,,,,,,,"1,056",,,,,,,,,,,,,,,,,,,,,,,,,,,,,,,BOSS
,120,Kraken Lv.120,,,,Water,Fish,Large,,,,,251.94%,,204.10%,,,,,47.840%,204.100%,,,,,,,,"1,267",,,,,,,,,,,,,,,,,,,,,,,,,,,,,,,BOSS
,120,Maya Lv.120,,,,Earth,Insect,Large,,,,,135.69%,,105.60%,,,,,30.086%,105.600%,,,,,,,,528,,,,,,,,,,,,,,,,,,,,,,,,,,,,,,,BOSS
,120,Orc Hero Lv.120,,,,Earth,Demi-Human,Large,,,,,186.40%,,147.80%,,,,,38.600%,147.800%,,,,,,,,844,,,,,,,,,,,,,,,,,,,,,,,,,,,,,,,BOSS
,120,Pharaoh Lv.120,,,,Shadow,Demi-Human,Large,,,,,119.96%,,29.07%,,,,,90.895%,29.069%,,,,,,,,"4,360",,,,,,,,,,,,,,,,,,,,,,,,,,,,,,,BOSS
,120,Orc Lord Lv.120,,,,Earth,Demi-Human,Large,,,,,186.40%,,147.80%,,,,,38.600%,147.800%,,,,,,,,844,,,,,,,,,,,,,,,,,,,,,,,,,,,,,,,BOSS
,120,Doppelganger Lv.120,,,,Shadow,Demon,Medium,,,,,219.37%,,175.90%,,,,,43.467%,175.900%,,,,,,,,"1,056",,,,,,,,,,,,,,,,,,,,,,,,,,,,,,,BOSS
,120,Amon Ra Lv.120,,,,Earth,Demi-Human,Large,,,,,219.37%,,175.90%,,,,,43.467%,175.900%,,,,,,,,"1,056",,,,,,,,,,,,,,,,,,,,,,,,,,,,,,,BOSS
,120,Overseer of Time Lv.120,,,,Neutral,Demon,Large,,,,,135.69%,,105.60%,,,,,30.086%,105.600%,,,,,,,,528,,,,,,,,,,,,,,,,,,,,,,,,,,,,,,,BOSS
,120,Morroc Lv.120,,,,Shadow,Demon,Large,,,,,186.40%,,147.80%,,,,,38.600%,147.800%,,,,,,,,844,,,,,,,,,,,,,,,,,,,,,,,,,,,,,,,BOSS
,120,Lost Dragon Lv.120,,,,Shadow,Dragon,Large,,,,,219.37%,,175.90%,,,,,43.467%,175.900%,,,,,,,,"1,056",,,,,,,,,,,,,,,,,,,,,,,,,,,,,,,BOSS
,120,Tao Gunka Lv.120,,,,Neutral,Demon,Large,,,,,219.37%,,175.90%,,,,,43.467%,175.900%,,,,,,,,"1,056",,,,,,,,,,,,,,,,,,,,,,,,,,,,,,,BOSS
,120,Fallen Bishop Lv.120,,,,Shadow,Demon,Medium,,,,,135.69%,,105.60%,,,,,30.086%,105.600%,,,,,,,,528,,,,,,,,,,,,,,,,,,,,,,,,,,,,,,,BOSS
,120,Lord of the Dead Lv.120,,,,Shadow,Demon,Large,,,,,186.40%,,147.80%,,,,,38.600%,147.800%,,,,,,,,844,,,,,,,,,,,,,,,,,,,,,,,,,,,,,,,BOSS
,120,Arc Angeling Lv.120,,,,Holy,Angel,Medium,,,,,118.07%,,91.50%,,,,,26.567%,91.500%,,,,,,,,422,,,,,,,,,,,,,,,,,,,,,,,,,,,,,,,BOSS
,120,Gioia Lv.120,,,,Wind,Formless,Large,,,,,221.60%,,183.00%,,,,,38.600%,183.000%,,,,,,,,844,,,,,,,,,,,,,,,,,,,,,,,,,,,,,,,BOSS
,,,,,,Neutral,Formless,Medium,,,,,,,,,,,,,,,,,,,,,,,,,,,,,,,,,,,,,,,,,,,,,,,,,,,,BOSS
,,,,,,Shadow,Dragon,Large,,,,,,,,,,,,,,,,,,,,,,,,,,,,,,,,,,,,,,,,,,,,,,,,,,,,BOSS
,,,,,,Ghost,Formless,Large,,,,,,,,,,,,,,,,,,,,,,,,,,,,,,,,,,,,,,,,,,,,,,,,,,,,BOSS
,,,,,,Shadow,Angel,Medium,,,,,,,,,,,,,,,,,,,,,,,,,,,,,,,,,,,,,,,,,,,,,,,,,,,,BOSS
,,,,,,-,-,-,,,,,,,,,,,,,,,,,,,,,,,,,,,,,,,,,,,,,,,,,,,,,,,,,,,,
,120,Dragon Fly Lv.120,,,,Wind,Insect,Small,,,,,219.37%,,175.90%,,,,,43.467%,175.900%,,,,,,,,"1,056",,,,,,,,,,,,,,,,,,,,,,,,,,,,,,,BOSS
,120,Eclipse Lv.120,,,,Neutral,Brute,Small,,,,,251.94%,,204.10%,,,,,47.840%,204.100%,,,,,,,,"1,267",,,,,,,,,,,,,,,,,,,,,,,,,,,,,,,BOSS
,120,Mastering Lv.120,,,,Water,Plant,Medium,,,,,251.94%,,204.10%,,,,,47.840%,204.100%,,,,,,,,"1,267",,,,,,,,,,,,,,,,,,,,,,,,,,,,,,,BOSS
,120,Ghostring Lv.120,,,,Ghost,Demon,Medium,,,,,219.37%,,175.90%,,,,,43.467%,175.900%,,,,,,,,"1,056",,,,,,,,,,,,,,,,,,,,,,,,,,,,,,,BOSS
,120,Toad Lv.120,,,,Water,Fish,Small,,,,,135.69%,135.69%,105.60%,128.42%,,,,30.086%,105.600%,,,,,,,,528,,,,,,,,,,,,,,,,,,,,,,,,,,,,,,,BOSS
,120,King Dramoh Lv.120,,,,Water,Fish,Large,,,,,186.40%,,147.80%,,,,,38.600%,147.800%,,,,,,,,844,,,,,,,,,,,,,,,,,,,,,,,,,,,,,,,BOSS
,120,Angeling Lv.120,,,,Holy,Angel,Medium,,,,,135.69%,,105.60%,,,,,30.086%,105.600%,,,,,,,,528,,,,,,,,,,,,,,,,,,,,,,,,,,,,,,,BOSS
,120,Deviling Lv.120,,,,Shadow,Demon,Medium,,,,,186.40%,,147.80%,,,,,38.600%,147.800%,,,,,,,,844,,,,,,,,,,,,,,,,,,,,,,,,,,,,,,,BOSS
,120,Vagabond Wolf Lv.120,,,,Earth,Brute,Medium,,,,,219.37%,,175.90%,,,,,43.467%,175.900%,,,,,,,,"1,056",,,,,,,,,,,,,,,,,,,,,,,,,,,,,,,BOSS
,120,Dark Priest Lv.120,,,,Undead,Demon,Medium,,,,,251.94%,,204.10%,,,,,47.840%,204.100%,,,,,,,,"1,267",,,,,,,,,,,,,,,,,,,,,,,,,,,,,,,BOSS
,120,Chimera Lv.120,,,,Fire,Brute,Large,,,,,219.37%,,175.90%,,,,,43.467%,175.900%,,,,,,,,"1,056",,,,,,,,,,,,,,,,,,,,,,,,,,,,,,,BOSS
,120,Mysteltainn Lv.120,,,,Shadow,Formless,Large,,,,,219.37%,,175.90%,,,,,43.467%,175.900%,,,,,,,,"1,056",,,,,,,,,,,,,,,,,,,,,,,,,,,,,,,BOSS
,120,Ogretooth Lv.120,,,,Shadow,Formless,Large,,,,,251.94%,,195.71%,,,,,47.840%,204.100%,,,,,,,,"1,267",,,,,,,,,,,,,,,,,,,,,,,,,,,,,,,BOSS
,120,Necromancer Lv.120,,,,Undead,Undead,Medium,,,,,186.40%,,151.72%,,,,,38.600%,147.800%,,,,,,,,844,,,,,,,,,,,,,,,,,,,,,,,,,,,,,,,BOSS
,120,Naght Sieger Lv.120,,,,Ghost,Demon,Large,,,,,251.94%,,204.10%,,,,,47.840%,204.100%,,,,,,,,"1,267",,,,,,,,,,,,,,,,,,,,,,,,,,,,,,,BOSS
,120,Coelacanth Lv.120,,,,Water,Fish,Large,,,,,219.37%,,175.90%,,,,,43.467%,175.900%,,,,,,,,"1,056",,,,,,,,,,,,,,,,,,,,,,,,,,,,,,,BOSS
,120,Observation Lv.120,,,,Neutral,Angel,Medium,,,,,221.60%,,183.00%,,,,,38.600%,183.000%,,,,,,,,844,,,,,,,,,,,,,,,,,,,,,,,,,,,,,,,BOSS
,120,Skeggiold Lv.120,,,,Holy,Angel,Small,,,,,170.29%,,137.20%,,,,,33.086%,137.200%,,,,,,,,633,,,,,,,,,,,,,,,,,,,,,,,,,,,,,,,BOSS
,,,,,,Poison,Insect,Small,,,,,,,,,,,,,,,,,,,,,,,,,,,,,,,,,,,,,,,,,,,,,,,,,,,,BOSS
,,,,,,Earth,Insect,Small,,,,,,,,,,,,,,,,,,,,,,,,,,,,,,,,,,,,,,,,,,,,,,,,,,,,BOSS
,,,,,,Holy,Angel,Medium,,,,,,,,,,,,,,,,,,,,,,,,,,,,,,,,,,,,,,,,,,,,,,,,,,,,BOSS
,,,,,,Water,Dragon,Large,,,,,,,,,,,,,,,,,,,,,,,,,,,,,,,,,,,,,,,,,,,,,,,,,,,,BOSS
,,,,,,,,,,,,,,,,,,,,,,,,,,,,,,,,,,,,,,,,,,,,,,,,,,,,,,,,,,,,
,130,Phreeoni Lv.130,,,,Neutral,Brute,Large,,,,,203.33%,261.75%,166.60%,170.81%,,,,36.725%,166.603%,,,,,,,,769,,,,,,,,,,,,,,,,,,,,,,,,,,,,,,,BOSS
,130,Mistress Lv.130,,,,Wind,Insect,Small,,,,,264.88%,222.18%,222.10%,184.92%,,,,42.776%,222.103%,,,,,,,,"1,024",,,,,,,,,,,,,,,,,,,,,,,,,,,,,,,BOSS
,130,Eddga Lv.130,,,,Fire,Brute,Large,,,,,203.33%,261.75%,166.60%,170.81%,,,,36.725%,166.603%,,,,,,,,769,,,,,,,,,,,,,,,,,,,,,,,,,,,,,,,BOSS
,130,Kraken Lv.130,,,,Water,Fish,Large,,,,,264.88%,222.18%,222.10%,193.75%,,,,42.776%,222.103%,,,,,,,,"1,024",,,,,,,,,,,,,,,,,,,,,,,,,,,,,,,BOSS
,130,Maya Lv.130,,,,Earth,Insect,Large,,,,,140.70%,161.50%,111.10%,136.48%,,,,29.600%,111.099%,,,,,,,,512,,,,,,,,,,,,,,,,,,,,,,,,,,,,,,,BOSS
,130,Orc Hero Lv.130,,,,Earth,Demi-Human,Large,,,,,140.70%,300.76%,111.10%,226.27%,,,,29.600%,111.099%,,,,,,,,512,,,,,,,,,,,,,,,,,,,,,,,,,,,,,,,BOSS
,130,Pharaoh Lv.130,,,,Shadow,Demi-Human,Large,,,,,140.70%,161.50%,111.10%,74.07%,,,,29.600%,111.099%,,,,,,,,512,,,,,,,,,,,,,,,,,,,,,,,,,,,,,,,BOSS
,130,Orc Lord Lv.130,,,,Earth,Demi-Human,Large,,,,,140.70%,300.76%,111.10%,226.27%,,,,29.600%,111.099%,,,,,,,,512,,,,,,,,,,,,,,,,,,,,,,,,,,,,,,,BOSS
,130,Doppelganger Lv.130,,,,Shadow,Demon,Medium,,,,,203.33%,261.73%,166.60%,213.60%,,,,36.725%,166.603%,,,,,,,,769,,,,,,,,,,,,,,,,,,,,,,,,,,,,,,,BOSS
,130,Amon Ra Lv.130,,,,Earth,Demi-Human,Large,,,,,203.33%,261.74%,166.60%,187.93%,,,,36.725%,166.603%,,,,,,,,769,,,,,,,,,,,,,,,,,,,,,,,,,,,,,,,BOSS
,130,Overseer of Time Lv.130,,,,Neutral,Demon,Large,,,,,140.70%,161.50%,111.10%,136.48%,,,,29.600%,111.099%,,,,,,,,512,,,,,,,,,,,,,,,,,,,,,,,,,,,,,,,BOSS
,130,Morroc Lv.130,,,,Shadow,Demon,Large,,,,,140.70%,300.76%,111.10%,247.80%,,,,29.600%,111.099%,,,,,,,,512,,,,,,,,,,,,,,,,,,,,,,,,,,,,,,,BOSS
,130,Lost Dragon Lv.130,,,,Shadow,Dragon,Large,,,,,203.33%,261.73%,166.60%,213.60%,,,,36.725%,166.603%,,,,,,,,769,,,,,,,,,,,,,,,,,,,,,,,,,,,,,,,BOSS
,130,Tao Gunka Lv.130,,,,Neutral,Demon,Large,,,,,203.33%,261.73%,166.60%,218.35%,,,,36.725%,166.603%,,,,,,,,769,,,,,,,,,,,,,,,,,,,,,,,,,,,,,,,BOSS
,130,Fallen Bishop Lv.130,,,,Shadow,Demon,Medium,,,,,140.70%,161.53%,111.10%,128.19%,,,,29.600%,111.099%,,,,,,,,512,,,,,,,,,,,,,,,,,,,,,,,,,,,,,,,BOSS
,130,Lord of the Dead Lv.130,,,,Shadow,Demon,Large,,,,,140.70%,300.76%,111.10%,247.80%,,,,29.600%,111.099%,,,,,,,,512,,,,,,,,,,,,,,,,,,,,,,,,,,,,,,,BOSS
,130,Arc Angeling Lv.130,,,,Holy,Angel,Medium,,,,,140.70%,161.50%,111.10%,136.40%,,,,29.600%,111.099%,,,,,,,,512,,,,,,,,,,,,,,,,,,,,,,,,,,,,,,,BOSS
,130,Gioia Lv.130,,,,Wind,Formless,Large,,,,,264.88%,222.18%,222.10%,184.92%,,,,42.776%,222.103%,,,,,,,,"1,024",,,,,,,,,,,,,,,,,,,,,,,,,,,,,,,BOSS
,,,,,,Neutral,Formless,Medium,,,,,,,,,,,,,,,,,,,,,,,,,,,,,,,,,,,,,,,,,,,,,,,,,,,,BOSS
,,,,,,Shadow,Dragon,Large,,,,,,,,,,,,,,,,,,,,,,,,,,,,,,,,,,,,,,,,,,,,,,,,,,,,BOSS
,,,,,,Ghost,Formless,Large,,,,,,,,,,,,,,,,,,,,,,,,,,,,,,,,,,,,,,,,,,,,,,,,,,,,BOSS
,,,,,,Shadow,Angel,Medium,,,,,,,,,,,,,,,,,,,,,,,,,,,,,,,,,,,,,,,,,,,,,,,,,,,,BOSS
,,,,,,,,,,,,,,,,,,,,,,,,,,,,,,,,,,,,,,,,,,,,,,,,,,,,,,,,,,,,
,130,Dragon Fly Lv.130,,,,Wind,Insect,Small,,,,,203.33%,261.73%,166.60%,218.35%,,,,36.725%,166.603%,,,,,,,,769,,,,,,,,,,,,,,,,,,,,,,,,,,,,,,,BOSS
,130,Eclipse Lv.130,,,,Neutral,Brute,Small,,,,,264.88%,222.17%,222.10%,129.72%,,,,42.776%,222.103%,,,,,,,,"1,024",,,,,,,,,,,,,,,,,,,,,,,,,,,,,,,BOSS
,130,Mastering Lv.130,,,,Water,Plant,Medium,,,,,264.88%,222.17%,222.10%,191.55%,,,,42.777%,222.102%,,,,,,,,"1,024",,,,,,,,,,,,,,,,,,,,,,,,,,,,,,,BOSS
,130,Ghostring Lv.130,,,,Ghost,Demon,Medium,,,,,203.33%,261.74%,166.60%,225.96%,,,,36.725%,166.603%,,,,,,,,769,,,,,,,,,,,,,,,,,,,,,,,,,,,,,,,BOSS
,130,Toad Lv.130,,,,Water,Fish,Small,,,,,140.70%,161.52%,111.10%,149.70%,,,,29.600%,111.099%,,,,,,,,512,,,,,,,,,,,,,,,,,,,,,,,,,,,,,,,BOSS
,130,King Dramoh Lv.130,,,,Water,Fish,Large,,,,,140.70%,300.76%,111.10%,258.17%,,,,29.600%,111.099%,,,,,,,,512,,,,,,,,,,,,,,,,,,,,,,,,,,,,,,,BOSS
,130,Angeling Lv.130,,,,Holy,Angel,Medium,,,,,140.70%,161.52%,111.10%,134.87%,,,,29.600%,111.099%,,,,,,,,512,,,,,,,,,,,,,,,,,,,,,,,,,,,,,,,BOSS
,130,Deviling Lv.130,,,,Shadow,Demon,Medium,,,,,140.70%,300.76%,111.10%,247.80%,,,,29.600%,111.099%,,,,,,,,512,,,,,,,,,,,,,,,,,,,,,,,,,,,,,,,BOSS
,130,Vagabond Wolf Lv.130,,,,Earth,Brute,Medium,,,,,203.33%,261.75%,166.60%,170.81%,,,,36.726%,166.601%,,,,,,,,769,,,,,,,,,,,,,,,,,,,,,,,,,,,,,,,BOSS
,130,Dark Priest Lv.130,,,,Undead,Demon,Medium,,,,,264.88%,222.18%,222.10%,179.40%,,,,42.777%,222.102%,,,,,,,,"1,024",,,,,,,,,,,,,,,,,,,,,,,,,,,,,,,BOSS
,130,Chimera Lv.130,,,,Fire,Brute,Large,,,,,203.33%,261.75%,166.60%,170.81%,,,,36.725%,166.603%,,,,,,,,769,,,,,,,,,,,,,,,,,,,,,,,,,,,,,,,BOSS
,130,Mysteltainn Lv.130,,,,Shadow,Formless,Large,,,,,203.33%,261.73%,166.60%,213.60%,,,,36.725%,166.603%,,,,,,,,769,,,,,,,,,,,,,,,,,,,,,,,,,,,,,,,BOSS
,130,Ogretooth Lv.130,,,,Shadow,Formless,Large,,,,,264.88%,222.18%,184.66%,179.40%,,,,42.780%,222.103%,,,,,,,,"1,025",,,,,,,,,,,,,,,,,,,,,,,,,,,,,,,BOSS
,130,Necromancer Lv.130,,,,Undead,Undead,Medium,,,,,140.70%,300.76%,111.10%,253.13%,,,,29.600%,111.099%,,,,,,,,512,,,,,,,,,,,,,,,,,,,,,,,,,,,,,,,BOSS
,130,Naght Sieger Lv.130,,,,Ghost,Demon,Large,,,,,264.88%,222.18%,184.66%,193.75%,,,,42.780%,222.103%,,,,,,,,"1,025",,,,,,,,,,,,,,,,,,,,,,,,,,,,,,,BOSS
,130,Coelacanth Lv.130,,,,Water,Fish,Large,,,,,203.33%,261.74%,166.60%,225.96%,,,,36.725%,166.603%,,,,,,,,769,,,,,,,,,,,,,,,,,,,,,,,,,,,,,,,BOSS
,130,Observation Lv.130,,,,Neutral,Angel,Medium,,,,,264.88%,222.18%,222.10%,184.92%,,,,42.777%,222.102%,,,,,,,,"1,024",,,,,,,,,,,,,,,,,,,,,,,,,,,,,,,BOSS
,130,Skeggiold Lv.130,,,,Holy,Angel,Small,,,,,203.33%,261.73%,166.60%,218.35%,,,,36.725%,166.603%,,,,,,,,769,,,,,,,,,,,,,,,,,,,,,,,,,,,,,,,BOSS
,,,,,,Poison,Insect,Small,,,,,,,,,,,,,,,,,,,,,,,,,,,,,,,,,,,,,,,,,,,,,,,,,,,,BOSS
,,,,,,Earth,Insect,Small,,,,,,,,,,,,,,,,,,,,,,,,,,,,,,,,,,,,,,,,,,,,,,,,,,,,BOSS
,,,,,,Holy,Angel,Medium,,,,,,,,,,,,,,,,,,,,,,,,,,,,,,,,,,,,,,,,,,,,,,,,,,,,BOSS
,,,,,,Water,Dragon,Large,,,,,,,,,,,,,,,,,,,,,,,,,,,,,,,,,,,,,,,,,,,,,,,,,,,,BOSS
,,,,,,,,,,,,,,,,,,,,,,,,,,,,,,,,,,,,,,,,,,,,,,,,,,,,,,,,,,,,
,140,Phreeoni Lv.140,,,,Neutral,Brute,Large,,,,,106.98%,,204.60%,,,,,,106.98%,,,,,,,,,,,,,,,,,,,,,,,,,,,,,,,,,,,,,,,BOSS
,140,Mistress Lv.140,,,,Wind,Insect,Small,,,,,130.18%,,272.80%,,,,,,130.18%,,,,,,,,,,,,,,,,,,,,,,,,,,,,,,,,,,,,,,,BOSS
,140,Eddga Lv.140,,,,Fire,Brute,Large,,,,,106.98%,,204.60%,,,,,,106.98%,,,,,,,,,,,,,,,,,,,,,,,,,,,,,,,,,,,,,,,BOSS
,140,Kraken Lv.140,,,,Water,Fish,Large,,,,,130.18%,,272.80%,,,,,,130.18%,,,,,,,,,,,,,,,,,,,,,,,,,,,,,,,,,,,,,,,BOSS
,140,Maya Lv.140,,,,Earth,Insect,Large,,,,,98.97%,,136.40%,,,,,,98.97%,,,,,,,,,,,,,,,,,,,,,,,,,,,,,,,,,,,,,,,BOSS
,140,Orc Hero Lv.140,,,,Earth,Demi-Human,Large,,,,,82.47%,,136.40%,,,,,,82.47%,,,,,,,,,,,,,,,,,,,,,,,,,,,,,,,,,,,,,,,BOSS
,140,Pharaoh Lv.140,,,,Shadow,Demi-Human,Large,,,,,98.97%,,136.40%,,,,,,98.97%,,,,,,,,,,,,,,,,,,,,,,,,,,,,,,,,,,,,,,,BOSS
,140,Orc Lord Lv.140,,,,Earth,Demi-Human,Large,,,,,82.47%,,136.40%,,,,,,82.47%,,,,,,,,,,,,,,,,,,,,,,,,,,,,,,,,,,,,,,,BOSS
,140,Doppelganger Lv.140,,,,Shadow,Demon,Medium,,,,,172.98%,,204.60%,,,,,,172.98%,,,,,,,,,,,,,,,,,,,,,,,,,,,,,,,,,,,,,,,BOSS
,140,Amon Ra Lv.140,,,,Earth,Demi-Human,Large,,,,,106.98%,,204.60%,,,,,,106.98%,,,,,,,,,,,,,,,,,,,,,,,,,,,,,,,,,,,,,,,BOSS
,140,Morroc Lv.140,,,,Shadow,Demon,Large,,,,,131.97%,,136.40%,,,,,,131.97%,,,,,,,,,,,,,,,,,,,,,,,,,,,,,,,,,,,,,,,BOSS
,140,Time Holder Lv.140,,,,Neutral,Demon,Large,,,,,164.97%,,136.40%,,,,,,164.97%,,,,,,,,,,,,,,,,,,,,,,,,,,,,,,,,,,,,,,,BOSS
,140,Tao Gunka Lv.140,,,,Neutral,Demon,Large,,,,,172.98%,,204.60%,,,,,,172.98%,,,,,,,,,,,,,,,,,,,,,,,,,,,,,,,,,,,,,,,BOSS
,140,Lost Dragon Lv.140,,,,Shadow,Dragon,Large,,,,,172.98%,,204.60%,,,,,,172.98%,,,,,,,,,,,,,,,,,,,,,,,,,,,,,,,,,,,,,,,BOSS
,140,Fallen Bishop Lv.140,,,,Shadow,Demon,Medium,,,,,164.97%,,136.40%,,,,,,164.97%,,,,,,,,,,,,,,,,,,,,,,,,,,,,,,,,,,,,,,,BOSS
,140,Lord of the Dead Lv.140,,,,Shadow,Demon,Large,,,,,131.97%,,136.40%,,,,,,131.97%,,,,,,,,,,,,,,,,,,,,,,,,,,,,,,,,,,,,,,,BOSS
,140,Arc Angeling Lv.140,,,,Holy,Angel,Medium,,,,,164.97%,,136.40%,,,,,,164.97%,,,,,,,,,,,,,,,,,,,,,,,,,,,,,,,,,,,,,,,BOSS
,140,Gioia Lv.140,,,,Wind,Formless,Large,,,,,212.68%,,272.80%,,,,,,212.68%,,,,,,,,,,,,,,,,,,,,,,,,,,,,,,,,,,,,,,,BOSS
,140,RSX-0806 Lv.140,,,,Neutral,Formless,Medium,,,,,238.66%,,202.00%,,,,,40.670%,198.00%,,,,,,,,929,,,,,,,,,,,,,,,,,,,,,,,,,,,,,,,BOSS
,140,Nidhoggr's Shadow Lv.140,,,,Shadow,Dragon,Large,,,,,181.21%,,134.00%,,,,,32.710%,148.50%,,,,,,,,619,,,,,,,,,,,,,,,,,,,,,,,,,,,,,,,BOSS
,140,Gloom Under Night Lv.140,,,,Ghost,Formless,Large,,,,,306.00%,,300.00%,,,,,58.500%,247.50%,,,,,,,,"1,860",,,,,,,,,,,,,,,,,,,,,,,,,,,,,,,BOSS
,140,Retribution Lv.140,,,,Shadow,Angel,Medium,,,,,256.50%,,300.00%,,,,,58.500%,198.00%,,,,,,,,"1,859",,,,,,,,,,,,,,,,,,,,,,,,,,,,,,,BOSS
,,,,,,-,-,-,,,,,,,,,,,,,,,,,,,,,,,,,,,,,,,,,,,,,,,,,,,,,,,,,,,,
,140,Dragon Fly Lv.140,,,,Wind,Insect,Small,,,,,106.98%,,204.60%,,,,,,106.98%,,,,,,,,,,,,,,,,,,,,,,,,,,,,,,,,,,,,,,,BOSS
,140,Eclipse Lv.140,,,,Neutral,Brute,Small,,,,,130.18%,,272.80%,,,,,,130.18%,,,,,,,,,,,,,,,,,,,,,,,,,,,,,,,,,,,,,,,BOSS
,140,Mastering Lv.140,,,,Water,Plant,Medium,,,,,130.18%,,272.80%,,,,,,130.18%,,,,,,,,,,,,,,,,,,,,,,,,,,,,,,,,,,,,,,,BOSS
,140,Ghostring Lv.140,,,,Ghost,Demon,Medium,,,,,106.98%,,204.60%,,,,,,106.98%,,,,,,,,,,,,,,,,,,,,,,,,,,,,,,,,,,,,,,,BOSS
,140,Toad Lv.140,,,,Water,Fish,Small,,,,,98.97%,,136.40%,,,,,,98.97%,,,,,,,,,,,,,,,,,,,,,,,,,,,,,,,,,,,,,,,BOSS
,140,King Dramoh Lv.140,,,,Water,Fish,Large,,,,,82.47%,,136.40%,,,,,,82.47%,,,,,,,,,,,,,,,,,,,,,,,,,,,,,,,,,,,,,,,BOSS
,140,Angeling Lv.140,,,,Holy,Angel,Medium,,,,,98.97%,,136.40%,,,,,,98.97%,,,,,,,,,,,,,,,,,,,,,,,,,,,,,,,,,,,,,,,BOSS
,140,Deviling Lv.140,,,,Shadow,Demon,Medium,,,,,82.47%,,136.40%,,,,,,82.47%,,,,,,,,,,,,,,,,,,,,,,,,,,,,,,,,,,,,,,,BOSS
,140,Dark Priest Lv.140,,,,Undead,Demon,Medium,,,,,212.68%,,272.80%,,,,,,212.68%,,,,,,,,,,,,,,,,,,,,,,,,,,,,,,,,,,,,,,,BOSS
,140,Vagabond Wolf Lv.140,,,,Earth,Brute,Medium,,,,,172.98%,,204.60%,,,,,,172.98%,,,,,,,,,,,,,,,,,,,,,,,,,,,,,,,,,,,,,,,BOSS
,140,Chimera Lv.140,,,,Fire,Brute,Large,,,,,172.98%,,204.60%,,,,,,172.98%,,,,,,,,,,,,,,,,,,,,,,,,,,,,,,,,,,,,,,,BOSS
,140,Mysteltainn Lv.140,,,,Shadow,Formless,Large,,,,,172.98%,,204.60%,,,,,,172.98%,,,,,,,,,,,,,,,,,,,,,,,,,,,,,,,,,,,,,,,BOSS
,140,Ogretooth Lv.140,,,,Shadow,Formless,Large,,,,,212.68%,,306.35%,,,,,,212.68%,,,,,,,,,,,,,,,,,,,,,,,,,,,,,,,,,,,,,,,BOSS
,140,Necromancer Lv.140,,,,Undead,Undead,Medium,,,,,131.97%,,150.75%,,,,,,131.97%,,,,,,,,,,,,,,,,,,,,,,,,,,,,,,,,,,,,,,,BOSS
,140,Coelacanth Lv.140,,,,Water,Fish,Large,,,,,139.98%,,204.60%,,,,,,139.98%,,,,,,,,,,,,,,,,,,,,,,,,,,,,,,,,,,,,,,,BOSS
,140,Naght Sieger Lv.140,,,,Ghost,Demon,Large,,,,,212.68%,,272.80%,,,,,,212.68%,,,,,,,,,,,,,,,,,,,,,,,,,,,,,,,,,,,,,,,BOSS
,140,Observation Lv.140,,,,Neutral,Angel,Medium,,,,,146.68%,,272.80%,,,,,,146.68%,,,,,,,,,,,,,,,,,,,,,,,,,,,,,,,,,,,,,,,BOSS
,140,Skeggiold Lv.140,,,,Holy,Angel,Small,,,,,172.98%,,204.60%,,,,,,172.98%,,,,,,,,,,,,,,,,,,,,,,,,,,,,,,,,,,,,,,,BOSS
,140,Queen Scaraba Lv.140,,,,Earth,Insect,Small,,,,,212.30%,,268.70%,,,,,47.300%,165.00%,,,,,,,,"1,239",,,,,,,,,,,,,,,,,,,,,,,,,,,,,,,BOSS
,140,Faceworm Queen Lv.140,,,,Poison,Insect,Small,,,,,245.30%,,268.70%,,,,,47.300%,198.00%,,,,,,,,"1,239",,,,,,,,,,,,,,,,,,,,,,,,,,,,,,,BOSS
,140,Ktullanux Lv.140,,,,Water,Dragon,Large,,,,,256.50%,,542.27%,,,,,58.500%,198.00%,,,,,,,,"1,859",,,,,,,,,,,,,,,,,,,,,,,,,,,,,,,BOSS
,140,Shelter Lv.140,,,,Holy,Angel,Medium,,,,,251.18%,,258.00%,,,,,53.180%,198.00%,,,,,,,,"1,550",,,,,,,,,,,,,,,,,,,,,,,,,,,,,,,BOSS
,,,,,,,,,,,,,,,,,,,,,,,,,,,,,,,,,,,,,,,,,,,,,,,,,,,,,,,,,,,,
,150,Phreeoni Lv.150,,,,Neutral,Brute,Large,,,,,136.62%,,311.20%,,,,,,136.62%,,,,,,,,,,,,,,,,,,,,,,,,,,,,,,,,,,,,,,,BOSS
,150,Mistress Lv.150,,,,Wind,Insect,Small,,,,,161.98%,,361.00%,,,,,,161.98%,,,,,,,,,,,,,,,,,,,,,,,,,,,,,,,,,,,,,,,BOSS
,150,Eddga Lv.150,,,,Fire,Brute,Large,,,,,136.62%,,311.20%,,,,,,136.62%,,,,,,,,,,,,,,,,,,,,,,,,,,,,,,,,,,,,,,,BOSS
,150,Kraken Lv.150,,,,Water,Fish,Large,,,,,161.98%,,361.00%,,,,,,161.98%,,,,,,,,,,,,,,,,,,,,,,,,,,,,,,,,,,,,,,,BOSS
,150,Maya Lv.150,,,,Earth,Insect,Large,,,,,118.76%,,186.70%,,,,,,118.76%,,,,,,,,,,,,,,,,,,,,,,,,,,,,,,,,,,,,,,,BOSS
,150,Orc Hero Lv.150,,,,Earth,Demi-Human,Large,,,,,110.67%,,261.40%,,,,,,110.67%,,,,,,,,,,,,,,,,,,,,,,,,,,,,,,,,,,,,,,,BOSS
,150,Pharaoh Lv.150,,,,Shadow,Demi-Human,Large,,,,,118.76%,,186.70%,,,,,,118.76%,,,,,,,,,,,,,,,,,,,,,,,,,,,,,,,,,,,,,,,BOSS
,150,Orc Lord Lv.150,,,,Earth,Demi-Human,Large,,,,,110.67%,,261.40%,,,,,,110.67%,,,,,,,,,,,,,,,,,,,,,,,,,,,,,,,,,,,,,,,BOSS
,150,Doppelganger Lv.150,,,,Shadow,Demon,Medium,,,,,214.62%,,311.20%,,,,,,214.62%,,,,,,,,,,,,,,,,,,,,,,,,,,,,,,,,,,,,,,,BOSS
,150,Amon Ra Lv.150,,,,Earth,Demi-Human,Large,,,,,136.62%,,311.20%,,,,,,136.62%,,,,,,,,,,,,,,,,,,,,,,,,,,,,,,,,,,,,,,,BOSS
,150,Morroc Lv.150,,,,Shadow,Demon,Large,,,,,169.17%,,261.40%,,,,,,169.17%,,,,,,,,,,,,,,,,,,,,,,,,,,,,,,,,,,,,,,,BOSS
,150,Time Holder Lv.150,,,,Neutral,Demon,Large,,,,,196.76%,,186.70%,,,,,,196.76%,,,,,,,,,,,,,,,,,,,,,,,,,,,,,,,,,,,,,,,BOSS
,150,Tao Gunka Lv.150,,,,Neutral,Demon,Large,,,,,214.62%,,311.20%,,,,,,214.62%,,,,,,,,,,,,,,,,,,,,,,,,,,,,,,,,,,,,,,,BOSS
,150,Lost Dragon Lv.150,,,,Shadow,Dragon,Large,,,,,214.62%,,311.20%,,,,,,214.62%,,,,,,,,,,,,,,,,,,,,,,,,,,,,,,,,,,,,,,,BOSS
,150,Fallen Bishop Lv.150,,,,Shadow,Demon,Medium,,,,,196.76%,,186.70%,,,,,,196.76%,,,,,,,,,,,,,,,,,,,,,,,,,,,,,,,,,,,,,,,BOSS
,150,Lord of the Dead Lv.150,,,,Shadow,Demon,Large,,,,,169.17%,,261.40%,,,,,,169.17%,,,,,,,,,,,,,,,,,,,,,,,,,,,,,,,,,,,,,,,BOSS
,150,Arc Angeling Lv.150,,,,Holy,Angel,Medium,,,,,196.76%,,186.70%,,,,,,196.76%,,,,,,,,,,,,,,,,,,,,,,,,,,,,,,,,,,,,,,,BOSS
,150,Gioia Lv.150,,,,Wind,Formless,Large,,,,,259.48%,,361.00%,,,,,,259.48%,,,,,,,,,,,,,,,,,,,,,,,,,,,,,,,,,,,,,,,BOSS
,150,RSX-0806 Lv.150,,,,Neutral,Formless,Medium,,,,,293.16%,,317.00%,,,,,59.170%,234.00%,,,,,,,,"1,899",,,,,,,,,,,,,,,,,,,,,,,,,,,,,,,BOSS
,150,Nidhoggr's Shadow Lv.150,,,,Shadow,Dragon,Large,,,,,228.13%,,266.00%,,,,,52.640%,175.50%,,,,,,,,"1,519",,,,,,,,,,,,,,,,,,,,,,,,,,,,,,,BOSS
,150,Gloom Under Night Lv.150,,,,Ghost,Formless,Large,,,,,357.57%,,367.00%,,,,,65.070%,292.50%,,,,,,,,"2,279",,,,,,,,,,,,,,,,,,,,,,,,,,,,,,,BOSS
,150,Retribution Lv.150,,,,Shadow,Angel,Medium,,,,,299.07%,,367.00%,,,,,65.070%,234.00%,,,,,,,,"2,279",,,,,,,,,,,,,,,,,,,,,,,,,,,,,,,BOSS
,,,,,,-,-,-,,,,,,,,,,,,,,,,,,,,,,,,,,,,,,,,,,,,,,,,,,,,,,,,,,,,
,150,Dragon Fly Lv.150,,,,Wind,Insect,Small,,,,,136.62%,,311.20%,,,,,,136.62%,,,,,,,,,,,,,,,,,,,,,,,,,,,,,,,,,,,,,,,BOSS
,150,Eclipse Lv.150,,,,Neutral,Brute,Small,,,,,161.98%,,361.00%,,,,,,161.98%,,,,,,,,,,,,,,,,,,,,,,,,,,,,,,,,,,,,,,,BOSS
,150,Mastering Lv.150,,,,Water,Plant,Medium,,,,,161.98%,,361.00%,,,,,,161.98%,,,,,,,,,,,,,,,,,,,,,,,,,,,,,,,,,,,,,,,BOSS
,150,Ghostring Lv.150,,,,Ghost,Demon,Medium,,,,,136.62%,,311.20%,,,,,,136.62%,,,,,,,,,,,,,,,,,,,,,,,,,,,,,,,,,,,,,,,BOSS
,150,Toad Lv.150,,,,Water,Fish,Small,,,,,118.76%,,186.70%,,,,,,118.76%,,,,,,,,,,,,,,,,,,,,,,,,,,,,,,,,,,,,,,,BOSS
,150,King Dramoh Lv.150,,,,Water,Fish,Large,,,,,110.67%,,261.40%,,,,,,110.67%,,,,,,,,,,,,,,,,,,,,,,,,,,,,,,,,,,,,,,,BOSS
,150,Angeling Lv.150,,,,Holy,Angel,Medium,,,,,118.76%,,186.70%,,,,,,118.76%,,,,,,,,,,,,,,,,,,,,,,,,,,,,,,,,,,,,,,,BOSS
,150,Deviling Lv.150,,,,Shadow,Demon,Medium,,,,,110.67%,,261.40%,,,,,52.160%,58.50%,,,,,,,,"1,493",,,,,,,,,,,,,,,,,,,,,,,,,,,,,,,BOSS
,150,Dark Priest Lv.150,,,,Undead,Demon,Medium,,,,,259.48%,,361.00%,,,,,,259.48%,,,,,,,,,,,,,,,,,,,,,,,,,,,,,,,,,,,,,,,BOSS
,150,Vagabond Wolf Lv.150,,,,Earth,Brute,Medium,,,,,214.62%,,311.20%,,,,,,214.62%,,,,,,,,,,,,,,,,,,,,,,,,,,,,,,,,,,,,,,,BOSS
,150,Chimera Lv.150,,,,Fire,Brute,Large,,,,,214.62%,,311.20%,,,,,,214.62%,,,,,,,,,,,,,,,,,,,,,,,,,,,,,,,,,,,,,,,BOSS
,150,Mysteltainn Lv.150,,,,Shadow,Formless,Large,,,,,214.62%,,311.20%,,,,,,214.62%,,,,,,,,,,,,,,,,,,,,,,,,,,,,,,,,,,,,,,,BOSS
,150,Ogretooth Lv.150,,,,Shadow,Formless,Large,,,,,259.48%,,385.89%,,,,,,259.48%,,,,,,,,,,,,,,,,,,,,,,,,,,,,,,,,,,,,,,,BOSS
,150,Necromancer Lv.150,,,,Undead,Undead,Medium,,,,,169.17%,,272.00%,,,,,,169.17%,,,,,,,,,,,,,,,,,,,,,,,,,,,,,,,,,,,,,,,BOSS
,150,Coelacanth Lv.150,,,,Water,Fish,Large,,,,,175.62%,,311.20%,,,,,,175.62%,,,,,,,,,,,,,,,,,,,,,,,,,,,,,,,,,,,,,,,BOSS
,150,Naght Sieger Lv.150,,,,Ghost,Demon,Large,,,,,259.48%,,361.00%,,,,,,259.48%,,,,,,,,,,,,,,,,,,,,,,,,,,,,,,,,,,,,,,,BOSS
,150,Observation Lv.150,,,,Neutral,Angel,Medium,,,,,181.48%,,361.00%,,,,,,181.48%,,,,,,,,,,,,,,,,,,,,,,,,,,,,,,,,,,,,,,,BOSS
,150,Skeggiold Lv.150,,,,Holy,Angel,Small,,,,,214.62%,,311.20%,,,,,,214.62%,,,,,,,,,,,,,,,,,,,,,,,,,,,,,,,,,,,,,,,BOSS
,150,Queen Scaraba Lv.150,,,,Earth,Insect,Small,,,,,258.55%,,351.40%,,,,,63.550%,195.00%,,,,,,,,"2,180",,,,,,,,,,,,,,,,,,,,,,,,,,,,,,,BOSS
,150,Faceworm Queen Lv.150,,,,Poison,Insect,Small,,,,,297.55%,,351.40%,,,,,63.550%,234.00%,,,,,,,,"2,180",,,,,,,,,,,,,,,,,,,,,,,,,,,,,,,BOSS
,150,Ktullanux Lv.150,,,,Water,Dragon,Large,,,,,299.07%,,575.77%,,,,,65.070%,234.00%,,,,,,,,"2,280",,,,,,,,,,,,,,,,,,,,,,,,,,,,,,,BOSS
,150,Shelter Lv.150,,,,Holy,Angel,Medium,,,,,293.16%,,317.00%,,,,,59.170%,234.00%,,,,,,,,"1,899",,,,,,,,,,,,,,,,,,,,,,,,,,,,,,,BOSS
,,,,,,,,,,,,,,,,,,,,,,,,,,,,,,,,,,,,,,,,,,,,,,,,,,,,,,,,,,,,
,,,,,,,,,,,,,,,,,,,,,,,,,,,,,,,,,,,,,,,,,,,,,,,,,,,,,,,,,,,,
0,50,Wooden Dummy (S),0,0,0,Neutral,Undead,Small,,,,"500,000,000,000",0.00%,0.00%,0.00%,0.00%,0.00%,0.00%,,,,,,,,,,,,,,,,,,,,,,,,,,,,,,,,,,,,,,,,,,Normal
20000,50,Wooden Dummy (L),0,0,0,Neutral,Undead,Large,,,,"500,000,000,000",0.00%,0.00%,0.00%,0.00%,0.00%,0.00%,,,,,,,,,,,0,0,0,0,,0,0,0,0,0.00%,0.00%,0.00%,0.00%,0.00%,0.00%,,0.000%,0.000%,0.000%,0.000%,0.000%,0.000%,0.000%,0.000%,,0,0,0,0,,,Normal
20020,50,Wooden Dummy (M),0,0,0,Neutral,Undead,Medium,,,,"500,000,000,000",0.00%,0.00%,0.00%,0.00%,0.00%,0.00%,,,,,,,,,,,0,0,0,0,,0,0,0,0,0.00%,0.00%,0.00%,0.00%,0.00%,0.00%,,0.000%,0.000%,0.000%,0.000%,0.000%,0.000%,0.000%,0.000%,,0,0,0,0,,,Normal
10001,1,Poring,32,32,18,Water,Plant,Medium,P.ATK +60,Headgear,,118,1.20%,1.60%,0.00%,0.00%,0.20%,0.20%,,1.200%,0.000%,1.600%,0.000%,0.200%,0.000%,0.200%,0.000%,,6,8,1,1,,14,8,0,0,0.60%,0.80%,0.00%,0.00%,0.20%,0.20%,,0.600%,0.000%,0.800%,0.000%,0.200%,0.000%,0.200%,0.000%,,3,4,1,1,,Prontera South Gate,Normal
10002,2,Fabre,17,17,9,Earth,Insect,Small,ASPD +60,Weapon,,65,1.40%,1.40%,0.00%,0.00%,0.20%,0.20%,,1.400%,0.000%,1.400%,0.000%,0.200%,0.000%,0.200%,0.000%,,7,7,1,1,,5,9,0,0,0.80%,0.60%,0.00%,0.00%,0.20%,0.20%,,0.800%,0.000%,0.600%,0.000%,0.200%,0.000%,0.200%,0.000%,,4,3,1,1,,Prontera South Gate,Normal
10003,3,Pupa,18,18,9,Earth,Insect,Small,Max HP +1200,Cloak,,72,1.60%,1.60%,0.00%,0.00%,0.40%,0.40%,,1.600%,0.000%,1.600%,0.000%,0.400%,0.000%,0.400%,0.000%,,8,8,2,2,,0,0,1,0,0.60%,1.00%,0.00%,0.00%,0.40%,0.40%,,0.600%,0.000%,1.000%,0.000%,0.400%,0.000%,0.400%,0.000%,,3,5,2,2,,Prontera South Gate,Normal
10004,4,Lunatic,19,19,9,Neutral,Brute,Small,M.ATK +60,Headgear,,80,2.00%,1.20%,0.00%,0.00%,0.40%,0.40%,,2.000%,0.000%,1.200%,0.000%,0.400%,0.000%,0.400%,0.000%,,10,6,2,2,,9,6,0,0,0.60%,1.00%,0.00%,0.00%,0.40%,0.40%,,0.600%,0.000%,1.000%,0.000%,0.400%,0.000%,0.400%,0.000%,,3,5,2,2,,Prontera South Gate,Normal
10013,5,Pecopeco Egg,20,20,9,Neutral,Formless,Small,Haste +60,Weapon,,88,1.60%,1.60%,0.00%,0.00%,0.40%,0.40%,,1.600%,0.000%,1.600%,0.000%,0.400%,0.000%,0.400%,0.000%,,8,8,2,2,,0,0,0,0,1.00%,0.60%,0.00%,0.00%,0.40%,0.40%,,1.000%,0.000%,0.600%,0.000%,0.400%,0.000%,0.400%,0.000%,,5,3,2,2,,Morroc,Normal
10011,6,Picky,21,21,9,Fire,Brute,Small,Max HP +1200,Clothes,,96,2.00%,1.40%,0.00%,0.00%,0.40%,0.40%,,2.000%,0.000%,1.400%,0.000%,0.400%,0.000%,0.400%,0.000%,,10,7,2,2,,7,4,1,0,0.60%,1.00%,0.00%,0.00%,0.40%,0.40%,,0.600%,0.000%,1.000%,0.000%,0.400%,0.000%,0.400%,0.000%,,3,5,2,2,,Morroc,Normal
10012,7,Drops,33,55,18,Fire,Plant,Medium,P.PEN +60,Headgear,,211,2.20%,1.40%,0.00%,0.00%,0.40%,0.40%,,2.200%,0.000%,1.400%,0.000%,0.400%,0.000%,0.400%,0.000%,,11,7,2,2,,10,17,0,1,1.00%,0.80%,0.00%,0.00%,0.40%,0.40%,,1.000%,0.000%,0.800%,0.000%,0.400%,0.000%,0.400%,0.000%,,5,4,2,2,,Morroc,Normal
10014,8,Condor,46,46,18,Wind,Brute,Medium,P.DMG RED +30,Cloak,,230,2.20%,1.40%,0.00%,0.00%,0.40%,0.40%,,2.200%,0.000%,1.400%,0.000%,0.400%,0.000%,0.400%,0.000%,,11,7,2,2,,9,15,0,1,1.20%,0.80%,0.00%,0.00%,0.40%,0.40%,,1.200%,0.000%,0.800%,0.000%,0.400%,0.000%,0.400%,0.000%,,6,4,2,2,,Prontera South Gate,Normal
10152,9,Picky (Shell),24,24,9,Fire,Brute,Small,P.DEF +60,Clothes,,126,2.00%,2.00%,0.00%,0.00%,0.40%,0.40%,,2.000%,0.000%,2.000%,0.000%,0.400%,0.000%,0.400%,0.000%,,10,10,2,2,,6,9,0,1,1.20%,0.80%,0.00%,0.00%,0.40%,0.40%,,1.200%,0.000%,0.800%,0.000%,0.400%,0.000%,0.400%,0.000%,,6,4,2,2,,Morroc,Normal
10007,10,Willow,50,50,27,Earth,Plant,Medium,M.PEN +60,Headgear,,273,2.00%,2.00%,0.00%,0.00%,0.40%,0.40%,,2.000%,0.000%,2.000%,0.000%,0.400%,0.000%,0.400%,0.000%,,10,10,2,2,,26,16,1,0,0.80%,1.20%,0.00%,0.00%,0.40%,0.40%,,0.800%,0.000%,1.200%,0.000%,0.400%,0.000%,0.400%,0.000%,,4,6,2,2,,Payon South,Normal
10010,11,Rocker,78,26,27,Earth,Insect,Medium,Max HP +4800,Clothes,,338,2.80%,1.80%,0.00%,0.00%,0.40%,0.40%,,2.800%,0.000%,1.800%,0.000%,0.400%,0.000%,0.400%,0.000%,,14,9,2,2,,35,21,1,0,1.00%,1.40%,0.00%,0.00%,0.40%,0.40%,,1.000%,0.000%,1.400%,0.000%,0.400%,0.000%,0.400%,0.000%,,5,7,2,2,,Prontera West Gate,Normal
10006,12,Chonchon,41,14,13,Wind,Insect,Small,Max HP +1200,Shoes,,204,2.60%,2.60%,0.00%,0.00%,0.60%,0.60%,,2.600%,0.000%,2.600%,0.000%,0.600%,0.000%,0.600%,0.000%,,13,13,3,3,,10,16,0,1,1.60%,1.00%,0.00%,0.00%,0.60%,0.60%,,1.600%,0.000%,1.000%,0.000%,0.600%,0.000%,0.600%,0.000%,,8,5,3,3,,Morroc,Normal
10005,13,Thief Bug Egg,28,28,13,Shadow,Insect,Small,ASPD +60,Accessory,,242,2.40%,3.60%,0.00%,0.00%,0.60%,0.60%,,2.400%,0.000%,3.600%,0.000%,0.600%,0.000%,0.600%,0.000%,,12,18,3,3,,0,0,0,1,1.80%,1.20%,0.00%,0.00%,0.60%,0.60%,,1.800%,0.000%,1.200%,0.000%,0.600%,0.000%,0.600%,0.000%,,9,6,3,3,,Capital Sewer 1F,Normal
10051,14,Mandragora,44,73,27,Earth,Plant,Medium,M.DMG Bonus +60,Headgear,,567,4.00%,2.80%,0.00%,0.00%,0.60%,0.60%,,4.000%,0.000%,2.800%,0.000%,0.600%,0.000%,0.600%,0.000%,,20,14,3,3,,33,55,0,2,2.00%,1.40%,0.00%,0.00%,0.60%,0.60%,,2.000%,0.000%,1.400%,0.000%,0.600%,0.000%,0.600%,0.000%,,10,7,3,3,,Prontera West Gate,Normal
10009,15,Thief Bug,23,38,13,Neutral,Insect,Small,M.DMG RED +30,Cloak,,328,3.80%,3.80%,0.00%,0.00%,0.80%,0.80%,,3.800%,0.000%,3.800%,0.000%,0.800%,0.000%,0.800%,0.000%,,19,19,4,4,,31,18,2,0,1.60%,2.20%,0.00%,0.00%,0.80%,0.80%,,1.600%,0.000%,2.200%,0.000%,0.800%,0.000%,0.800%,0.000%,,8,11,4,4,,Capital Sewer 1F,Normal
10015,16,Savage Bebe,31,31,13,Earth,Brute,Small,"M.ATK +30
M.DMG Bonus +30",Weapon,,375,5.00%,3.20%,0.00%,0.00%,0.80%,0.80%,,5.000%,0.000%,3.200%,0.000%,0.800%,0.000%,0.800%,0.000%,,25,16,4,4,,26,44,0,2,2.40%,1.60%,0.00%,0.00%,0.80%,0.80%,,2.400%,0.000%,1.600%,0.000%,0.800%,0.000%,0.800%,0.000%,,12,8,4,4,,Prontera West Gate,Normal
10044,17,Familiar,32,32,13,Shadow,Brute,Small,"M.ATK +30
M.PEN +30",Weapon,,426,5.20%,3.60%,0.00%,0.00%,0.80%,0.80%,,5.200%,0.000%,3.600%,0.000%,0.800%,0.000%,0.800%,0.000%,,27,18,4,4,,23,39,0,2,2.60%,1.80%,0.00%,0.00%,0.80%,0.80%,,2.600%,0.000%,1.800%,0.000%,0.800%,0.000%,0.800%,0.000%,,13,9,4,4,,Capital Sewer 1F,Normal
10016,18,Baby Desert Wolf,33,33,13,Fire,Brute,Small,"MDEF +30
M.DMG RED +30",Shoes,,481,5.40%,3.80%,0.00%,0.00%,1.00%,1.00%,,5.400%,0.000%,3.800%,0.000%,1.000%,0.000%,1.000%,0.000%,,29,19,5,5,,33,54,0,3,2.80%,2.00%,0.00%,0.00%,1.00%,1.00%,,2.800%,0.000%,2.000%,0.000%,1.000%,0.000%,1.000%,0.000%,,14,10,5,5,,Morroc,Normal
10048,19,Female Thief Bug,68,68,27,Shadow,Insect,Medium,Crit +60,Weapon,,"1,077",5.10%,5.10%,0.00%,0.00%,1.00%,1.00%,,5.100%,0.000%,5.100%,0.000%,1.000%,0.000%,1.000%,0.000%,,26,26,5,5,,56,34,3,0,2.00%,3.00%,0.00%,0.00%,1.00%,1.00%,,2.000%,0.000%,3.000%,0.000%,1.000%,0.000%,1.000%,0.000%,,10,15,5,5,,Capital Sewer 1F,Normal
10052,20,Poporing,70,70,37,Poison,Plant,Medium,M.PEN +60,Accessory,,"1,201",5.80%,4.40%,0.00%,0.00%,1.20%,1.20%,,5.800%,0.000%,4.400%,0.000%,1.200%,0.000%,1.200%,0.000%,,33,22,6,6,,104,63,3,0,2.20%,3.40%,0.00%,0.00%,1.20%,1.20%,,2.200%,0.000%,3.400%,0.000%,1.200%,0.000%,1.200%,0.000%,,11,17,6,6,,Payon South,Normal
10046,21,Plankton,45,27,18,Water,Plant,Small,M.ATK +60,Weapon,,674,4.80%,6.10%,0.00%,0.00%,1.20%,1.20%,,4.800%,0.000%,6.100%,0.000%,1.200%,0.000%,1.200%,0.000%,,24,36,6,6,,62,103,0,3,3.60%,2.40%,0.00%,0.00%,1.20%,1.20%,,3.600%,0.000%,2.400%,0.000%,1.200%,0.000%,1.200%,0.000%,,18,12,6,6,,Capital Sewer 1F,Normal
10027,22,Hornet,37,37,18,Wind,Insect,Small,"P.ATK +30
P.DMG Bonus +30",Weapon,,752,6.30%,5.00%,0.00%,0.00%,1.20%,1.20%,,6.300%,0.000%,5.000%,0.000%,1.200%,0.000%,1.200%,0.000%,,38,25,6,6,,66,40,4,0,2.60%,3.80%,0.00%,0.00%,1.20%,1.20%,,2.600%,0.000%,3.800%,0.000%,1.200%,0.000%,1.200%,0.000%,,13,19,6,6,,Mjolnir Mountains,Normal
10047,23,Tarou,29,48,18,Shadow,Brute,Small,Haste +60,Accessory,,853,6.00%,6.00%,0.00%,0.00%,1.40%,1.40%,,6.000%,0.000%,6.000%,0.000%,1.400%,0.000%,1.400%,0.000%,,35,35,7,7,,101,60,4,0,2.80%,4.20%,0.00%,0.00%,1.40%,1.40%,,2.800%,0.000%,4.200%,0.000%,1.400%,0.000%,1.400%,0.000%,,14,21,7,7,,Capital Sewer 1F,Normal
10028,24,Ambernite,176,59,55,Water,Insect,Large,"P.ATK +30
P.PEN +30",Weapon,,"2,934",5.60%,7.10%,0.00%,0.00%,1.60%,1.60%,,5.600%,0.000%,7.100%,0.000%,1.600%,0.000%,1.600%,0.000%,,31,46,8,8,,243,404,0,5,4.60%,3.00%,0.00%,0.00%,1.60%,1.60%,,4.600%,0.000%,3.000%,0.000%,1.600%,0.000%,1.600%,0.000%,,23,15,8,8,,Mjolnir Mountains,Normal
10049,25,Male Thief Bug,60,100,37,Shadow,Insect,Medium,"P.DEF +30
P.DMG RED +30",Shoes,,"2,224",5.80%,7.50%,0.00%,0.00%,1.60%,1.60%,,5.800%,0.000%,7.500%,0.000%,1.600%,0.000%,1.600%,0.000%,,33,50,8,8,,66,110,0,6,5.00%,3.40%,0.00%,0.00%,1.60%,1.60%,,5.000%,0.000%,3.400%,0.000%,1.600%,0.000%,1.600%,0.000%,,25,17,8,8,,Capital Sewer 2F,Normal
10045,26,Spore,62,103,37,Water,Plant,Medium,P.PEN +60,Accessory,,"2,509",7.90%,6.10%,0.00%,0.00%,1.80%,1.80%,,7.900%,0.000%,6.100%,0.000%,1.800%,0.000%,1.800%,0.000%,,54,36,9,9,,233,140,6,0,3.60%,5.20%,0.00%,0.00%,1.80%,1.80%,,3.600%,0.000%,5.200%,0.000%,1.800%,0.000%,1.800%,0.000%,,18,27,9,9,,Payon South,Normal
10054,27,Creamy,63,21,18,Wind,Insect,Small,P.DMG Bonus +60,Accessory,,"1,406",7.40%,7.40%,0.00%,0.00%,2.00%,2.00%,,7.400%,0.000%,7.400%,0.000%,2.000%,0.000%,2.000%,0.000%,,49,49,10,10,,63,105,0,7,5.40%,4.00%,0.00%,0.00%,2.00%,2.00%,,5.400%,0.000%,4.000%,0.000%,2.000%,0.000%,2.000%,0.000%,,29,20,10,10,,Mjolnir Mountains,Normal
10063,28,Poison Spore,43,129,37,Poison,Plant,Medium,M.DMG bonus +60,Accessory,,"3,132",6.70%,8.80%,0.00%,0.00%,2.00%,2.00%,,6.700%,0.000%,8.800%,0.000%,2.000%,0.000%,2.000%,0.000%,,42,63,10,10,,255,153,8,0,4.20%,5.60%,0.00%,0.00%,2.00%,2.00%,,4.200%,0.000%,5.600%,0.000%,2.000%,0.000%,2.000%,0.000%,,21,31,10,10,,Capital Sewer 2F,Normal
10056,29,Steel Chonchon,55,33,18,Wind,Insect,Small,M.DEF +60,Clothes,,"1,736",7.00%,9.20%,0.00%,0.00%,2.20%,2.20%,,7.000%,0.000%,9.200%,0.000%,2.200%,0.000%,2.200%,0.000%,,45,67,11,11,,73,121,0,8,5.90%,4.40%,0.00%,0.00%,2.20%,2.20%,,5.900%,0.000%,4.400%,0.000%,2.200%,0.000%,2.200%,0.000%,,34,22,11,11,,Labyrinth Forest,Normal
10084,30,Drainliar,34,56,24,Shadow,Brute,Small,P.ATK +60,Weapon,,"2,021",10.00%,7.50%,0.00%,0.00%,2.60%,2.60%,,10.000%,0.000%,7.500%,0.000%,2.600%,0.000%,2.600%,0.000%,,75,50,13,13,,100,166,0,10,6.30%,5.00%,0.00%,0.00%,2.60%,2.60%,,6.300%,0.000%,5.000%,0.000%,2.600%,0.000%,2.600%,0.000%,,38,25,13,13,,Capital Sewer 2F,Normal
10055,31,Stainer,46,46,24,Wind,Insect,Small,P.ATK +120,Headgear,,"3,264",5.80%,5.80%,0.00%,0.00%,7.10%,7.10%,,5.800%,0.000%,5.800%,0.000%,7.100%,0.000%,7.100%,0.000%,,33,33,46,46,,234,140,10,0,5.10%,6.40%,0.00%,0.00%,2.60%,2.60%,,5.100%,0.000%,6.400%,0.000%,2.600%,0.000%,2.600%,0.000%,,26,39,13,13,,Mjolnir Mountains,Normal
10057,31,Coco,46,46,24,Earth,Brute,Small,M.ATK +120,Headgear,,"3,264",7.70%,10.20%,0.00%,0.00%,2.60%,2.60%,,7.700%,0.000%,10.200%,0.000%,2.600%,0.000%,2.600%,0.000%,,52,78,13,13,,258,155,10,0,5.10%,6.40%,0.00%,0.00%,2.60%,2.60%,,5.100%,0.000%,6.400%,0.000%,2.600%,0.000%,2.600%,0.000%,,26,39,13,13,,Labyrinth Forest,Normal
10030,32,Dustiness,35,59,24,Wind,Insect,Small,Max HP +4800,Cloak,,"3,586",9.40%,9.40%,0.00%,0.00%,2.80%,2.80%,,9.400%,0.000%,9.400%,0.000%,2.800%,0.000%,2.800%,0.000%,,69,69,14,14,,91,151,0,11,6.60%,5.30%,0.00%,0.00%,2.80%,2.80%,,6.600%,0.000%,5.300%,0.000%,2.800%,0.000%,2.800%,0.000%,,41,28,14,14,,Mjolnir Mountains,Normal
10058,32,Smokie,71,24,24,Earth,Brute,Small,ASPD +120,Accessory,,"3,586",5.90%,5.90%,0.00%,0.00%,7.30%,7.30%,,5.900%,0.000%,5.900%,0.000%,7.300%,0.000%,7.300%,0.000%,,34,34,48,48,,143,238,11,0,5.30%,6.60%,0.00%,0.00%,2.80%,2.80%,,5.300%,0.000%,6.600%,0.000%,2.800%,0.000%,2.800%,0.000%,,28,41,14,14,,Labyrinth Forest,Normal
10008,33,Roda Frog,48,144,48,Water,Fish,Medium,P.DEF +120,Clothes,,"7,898",8.40%,10.87%,0.00%,0.00%,3.00%,3.00%,,8.400%,0.000%,10.867%,0.000%,3.000%,0.000%,3.000%,0.000%,,59,88,15,15,,500,300,12,0,5.40%,6.90%,0.00%,0.00%,3.00%,3.00%,,5.400%,0.000%,6.900%,0.000%,3.000%,0.000%,3.000%,0.000%,,29,44,15,15,,Shipwreck,Normal
10149,33,Vocal,144,48,48,Earth,Insect,Medium,Max HP +4800,Clothes,,"7,898",8.40%,10.87%,0.00%,0.00%,3.00%,3.00%,,8.400%,0.000%,10.867%,0.000%,3.000%,0.000%,3.000%,0.000%,,59,88,15,15,,267,160,12,0,5.40%,6.90%,0.00%,0.00%,3.00%,3.00%,,5.400%,0.000%,6.900%,0.000%,3.000%,0.000%,3.000%,0.000%,,29,44,15,15,,Labyrinth Forest,Normal
10059,34,Caramel,25,74,24,Earth,Insect,Small,"M.ATK +60
M.PEN +60",Weapon,,"4,310",10.13%,10.13%,0.00%,0.00%,3.00%,3.00%,,10.133%,0.000%,10.133%,0.000%,3.000%,0.000%,3.000%,0.000%,,77,77,15,15,,172,286,0,13,7.10%,5.60%,0.00%,0.00%,3.00%,3.00%,,7.100%,0.000%,5.600%,0.000%,3.000%,0.000%,3.000%,0.000%,,46,31,15,15,,Mjolnir Mountains,Normal
10147,34,Dead Plankton,49,49,24,Undead,Undead,Small,P.PEN +120,Headgear,,"4,310",6.40%,6.40%,0.00%,0.00%,7.90%,7.90%,,6.400%,0.000%,6.400%,0.000%,7.900%,0.000%,7.900%,0.000%,,39,39,54,54,,237,395,13,0,5.60%,7.10%,0.00%,0.00%,3.00%,3.00%,,5.600%,0.000%,7.100%,0.000%,3.000%,0.000%,3.000%,0.000%,,31,46,15,15,,Shipwreck,Normal
10065,35,Kukre,50,50,24,Water,Insect,Small,Haste +120,Accessory,,"4,719",10.47%,10.47%,0.00%,0.00%,3.20%,3.20%,,10.467%,0.000%,10.467%,0.000%,3.200%,0.000%,3.200%,0.000%,,82,82,16,16,,207,346,0,15,7.40%,5.80%,0.00%,0.00%,3.20%,3.20%,,7.400%,0.000%,5.800%,0.000%,3.200%,0.000%,3.200%,0.000%,,49,33,16,16,,Treasure Ship,Normal
10088,35,Zombie,125,75,48,Undead,Undead,Medium,Max HP +4800,Shoes,,"9,438",11.53%,9.00%,0.00%,0.00%,3.20%,3.20%,,11.533%,0.000%,9.000%,0.000%,3.200%,0.000%,3.200%,0.000%,,98,65,16,16,,456,760,0,15,7.40%,5.80%,0.00%,0.00%,3.20%,3.20%,,7.400%,0.000%,5.800%,0.000%,3.200%,0.000%,3.200%,0.000%,,49,33,16,16,,Shipwreck,Normal
10031,36,Horn,128,77,48,Earth,Insect,Medium,ASPD +120,Weapon,,"10,270",10.73%,10.73%,0.00%,0.00%,3.40%,3.40%,,10.733%,0.000%,10.733%,0.000%,3.400%,0.000%,3.400%,0.000%,,86,86,17,17,,289,481,0,16,7.70%,5.90%,0.00%,0.00%,3.40%,3.40%,,7.700%,0.000%,5.900%,0.000%,3.400%,0.000%,3.400%,0.000%,,52,34,17,17,,Labyrinth Forest,Normal
10066,36,Hydra,64,38,24,Water,Plant,Small,M.ATK +120,Weapon,,"5,135",11.87%,9.40%,0.00%,0.00%,3.40%,3.40%,,11.867%,0.000%,9.400%,0.000%,3.400%,0.000%,3.400%,0.000%,,103,69,17,17,,168,101,0,16,7.70%,5.90%,0.00%,0.00%,3.40%,3.40%,,7.700%,0.000%,5.900%,0.000%,3.400%,0.000%,3.400%,0.000%,,52,34,17,17,,Treasure Ship,Normal
10060,37,Yoyo,78,26,24,Earth,Brute,Small,P.PEN +120,Accessory,,"5,612",12.27%,9.80%,0.00%,0.00%,3.60%,3.60%,,12.267%,0.000%,9.800%,0.000%,3.600%,0.000%,3.600%,0.000%,,109,73,18,18,,143,239,0,17,7.90%,6.10%,0.00%,0.00%,3.60%,3.60%,,7.900%,0.000%,6.100%,0.000%,3.600%,0.000%,3.600%,0.000%,,54,36,18,18,,Labyrinth Forest,Normal
10093,37,Martin,26,78,24,Earth,Brute,Small,M.PEN +120,Headgear,,"5,612",7.00%,7.00%,0.00%,0.00%,8.90%,8.90%,,7.000%,0.000%,7.000%,0.000%,8.900%,0.000%,8.900%,0.000%,,45,45,64,64,,337,202,17,0,6.10%,7.90%,0.00%,0.00%,3.60%,3.60%,,6.100%,0.000%,7.900%,0.000%,3.600%,0.000%,3.600%,0.000%,,36,54,18,18,,Mjolnir Dead Pit 1F,Normal
10085,38,Giearth,53,53,24,Earth,Demon,Small,P.DMG Bonus +240,Headgear,,"6,077",7.30%,7.30%,0.00%,0.00%,9.20%,9.20%,,7.300%,0.000%,7.300%,0.000%,9.200%,0.000%,9.200%,0.000%,,48,48,67,67,,272,453,18,0,6.30%,8.20%,0.00%,0.00%,3.80%,3.80%,,6.300%,0.000%,8.200%,0.000%,3.800%,0.000%,3.800%,0.000%,,38,57,19,19,,Mjolnir Dead Pit 1F,Normal
10087,38,Axe-wielding Skel Pirate,106,106,48,Undead,Undead,Medium,"P.DEF +60
P.DMG RED +120",Shoes,,"12,155",10.07%,12.60%,0.00%,0.00%,3.80%,3.80%,,10.067%,0.000%,12.600%,0.000%,3.800%,0.000%,3.800%,0.000%,,76,114,19,19,,491,818,18,0,6.30%,8.20%,0.00%,0.00%,3.80%,3.80%,,6.300%,0.000%,8.200%,0.000%,3.800%,0.000%,3.800%,0.000%,,38,57,19,19,,Shipwreck,Normal
10061,39,Pirate Skeleton,108,108,48,Undead,Undead,Medium,M.PEN +120,Accessory,,"13,228",13.00%,10.33%,0.00%,0.00%,4.00%,4.00%,,13.000%,0.000%,10.333%,0.000%,4.000%,0.000%,4.000%,0.000%,,120,80,20,20,,694,416,0,20,8.50%,6.50%,0.00%,0.00%,4.00%,4.00%,,8.500%,0.000%,6.500%,0.000%,4.000%,0.000%,4.000%,0.000%,,60,40,20,20,,Treasure Ship,Normal
10148,39,Dagger-wielding Skel Pirate,162,54,48,Undead,Undead,Medium,Haste +120,Weapon,,"13,228",11.67%,11.67%,0.00%,0.00%,4.00%,4.00%,,11.667%,0.000%,11.667%,0.000%,4.000%,0.000%,4.000%,0.000%,,100,100,20,20,,542,904,0,20,8.50%,6.50%,0.00%,0.00%,4.00%,4.00%,,8.500%,0.000%,6.500%,0.000%,4.000%,0.000%,4.000%,0.000%,,60,40,20,20,,Shipwreck,Normal
10094,40,Skeleton Worker,110,110,59,Undead,Undead,Medium,Crit +120,Weapon,,"14,268",7.70%,7.70%,0.00%,0.00%,9.80%,9.80%,,7.700%,0.000%,7.700%,0.000%,9.800%,0.000%,9.800%,0.000%,,52,52,73,73,,"1,028",617,21,0,6.70%,8.80%,0.00%,0.00%,4.20%,4.20%,,6.700%,0.000%,8.800%,0.000%,4.200%,0.000%,4.200%,0.000%,,42,63,21,21,,Mjolnir Dead Pit 1F,Normal
10125,40,Hunter Fly,69,41,30,Wind,Insect,Small,"P.ATK +60
P.DMG Bonus +120",Weapon,,"7,134",10.60%,13.33%,0.00%,0.00%,4.20%,4.20%,,10.600%,0.000%,13.333%,0.000%,4.200%,0.000%,4.200%,0.000%,,84,125,21,21,,193,116,21,0,6.70%,8.80%,0.00%,0.00%,4.20%,4.20%,,6.700%,0.000%,8.800%,0.000%,4.200%,0.000%,4.200%,0.000%,,42,63,21,21,,Labyrinth Forest,Normal
10064,41,Whisper,43,71,30,Ghost,Demon,Small,M.DMG RED +120,Cloak,,"11,659",8.70%,8.70%,0.00%,0.00%,10.80%,10.80%,,8.700%,0.000%,8.700%,0.000%,10.800%,0.000%,10.800%,0.000%,,62,62,87,87,,405,675,26,0,7.50%,9.90%,0.00%,0.00%,5.00%,5.00%,,7.500%,0.000%,9.900%,0.000%,5.000%,0.000%,5.000%,0.000%,,50,74,25,25,,Treasure Ship,Normal
10095,41,Myst,214,128,89,Poison,Formless,Large,P.DMG RED +240,Cloak,,"34,977",11.60%,14.93%,0.00%,0.00%,5.00%,5.00%,,11.600%,0.000%,14.933%,0.000%,5.000%,0.000%,5.000%,0.000%,,99,149,25,25,,"1,633",980,26,0,7.50%,9.90%,0.00%,0.00%,5.00%,5.00%,,7.500%,0.000%,9.900%,0.000%,5.000%,0.000%,5.000%,0.000%,,50,74,25,25,,Mjolnir Dead Pit 1F,Normal
10018,42,Muka,221,133,89,Earth,Plant,Large,P.DMG Bonus +240,Accessory,,"39,661",12.27%,15.65%,0.00%,0.00%,5.20%,5.20%,,12.267%,0.000%,15.650%,0.000%,5.200%,0.000%,5.200%,0.000%,,109,163,27,27,,"1,369","2,281",29,0,7.90%,10.47%,0.00%,0.00%,5.20%,5.20%,,7.900%,0.000%,10.467%,0.000%,5.200%,0.000%,5.200%,0.000%,,54,82,27,27,,Morroc,Normal
10105,42,Argos,133,221,89,Poison,Insect,Large,"P.ATK +60
P.PEN +60",Weapon,,"39,661",15.65%,12.27%,0.00%,0.00%,5.20%,5.20%,,15.650%,0.000%,12.267%,0.000%,5.200%,0.000%,5.200%,0.000%,,163,109,27,27,,"1,026","1,711",0,29,10.47%,7.90%,0.00%,0.00%,5.20%,5.20%,,10.467%,0.000%,7.900%,0.000%,5.200%,0.000%,5.200%,0.000%,,82,54,27,27,,Mjolnir Mountains,Normal
10017,43,Pecopeco,275,92,89,Fire,Brute,Large,"M.DEF +60
M.DMG RED +60",Shoes,,"44,701",16.40%,12.93%,0.00%,0.00%,5.50%,5.50%,,16.400%,0.000%,12.933%,0.000%,5.500%,0.000%,5.500%,0.000%,,178,119,30,30,,"2,032","1,219",0,33,10.93%,8.40%,0.00%,0.00%,5.50%,5.50%,,10.933%,0.000%,8.400%,0.000%,5.500%,0.000%,5.500%,0.000%,,89,59,30,30,,Morroc,Normal
10106,43,Mantis,122,122,59,Earth,Insect,Medium,M.DMG Bonus +240,Accessory,,"29,801",14.93%,14.93%,0.00%,0.00%,5.50%,5.50%,,14.933%,0.000%,14.933%,0.000%,5.500%,0.000%,5.500%,0.000%,,149,149,30,30,,996,598,0,33,10.93%,8.40%,0.00%,0.00%,5.50%,5.50%,,10.933%,0.000%,8.400%,0.000%,5.500%,0.000%,5.500%,0.000%,,89,59,30,30,,Labyrinth Forest,Normal
10019,44,Metaller,158,95,59,Fire,Insect,Medium,P.ATK +120,Weapon,,"33,342",10.40%,10.40%,0.00%,0.00%,12.53%,12.53%,,10.400%,0.000%,10.400%,0.000%,12.533%,0.000%,12.533%,0.000%,,81,81,113,113,,"1,237",742,36,0,8.90%,11.47%,0.00%,0.00%,5.70%,5.70%,,8.900%,0.000%,11.467%,0.000%,5.700%,0.000%,5.700%,0.000%,,64,97,32,32,,Morroc,Normal
10039,44,Savage,142,236,89,Earth,Brute,Large,M.DEF +120,Clothes,,"50,014",13.60%,17.15%,0.00%,0.00%,5.70%,5.70%,,13.600%,0.000%,17.150%,0.000%,5.700%,0.000%,5.700%,0.000%,,129,193,32,32,,"2,836","1,702",36,0,8.90%,11.47%,0.00%,0.00%,5.70%,5.70%,,8.900%,0.000%,11.467%,0.000%,5.700%,0.000%,5.700%,0.000%,,64,97,32,32,,Labyrinth Forest,Normal
10020,45,Anacondaq,65,195,59,Poison,Brute,Medium,M.DMG Bonus +240,Headgear,,"38,384",16.50%,16.50%,0.00%,0.00%,6.10%,6.10%,,16.500%,0.000%,16.500%,0.000%,6.100%,0.000%,6.100%,0.000%,,180,180,36,36,,784,"1,307",0,41,12.20%,9.70%,0.00%,0.00%,6.10%,6.10%,,12.200%,0.000%,9.700%,0.000%,6.100%,0.000%,6.100%,0.000%,,108,72,36,36,,Morroc,Normal
10107,45,Flora,195,195,89,Earth,Plant,Large,"M.ATK +60
M.DMG Bonus +120",Weapon,,"57,577",18.30%,14.60%,0.00%,0.00%,6.10%,6.10%,,18.300%,0.000%,14.600%,0.000%,6.100%,0.000%,6.100%,0.000%,,216,144,36,36,,"2,366","1,420",0,41,12.20%,9.70%,0.00%,0.00%,6.10%,6.10%,,12.200%,0.000%,9.700%,0.000%,6.100%,0.000%,6.100%,0.000%,,108,72,36,36,,Mjolnir Mountains,Normal
10021,46,Scorpion,67,67,30,Fire,Insect,Small,Final ASPD +30%,Weapon,,"20,910",11.33%,11.33%,0.00%,0.00%,13.87%,13.87%,,11.333%,0.000%,11.333%,0.000%,13.867%,0.000%,13.867%,0.000%,,95,95,133,133,,559,931,45,0,10.07%,12.60%,0.00%,0.00%,6.30%,6.30%,,10.067%,0.000%,12.600%,0.000%,6.300%,0.000%,6.300%,0.000%,,76,114,38,38,,Sograt Desert,Normal
10150,46,Sasquatch,201,201,89,Neutral,Brute,Large,Max HP +12%,Clothes,,"62,730",15.10%,18.90%,0.00%,0.00%,6.30%,6.30%,,15.100%,0.000%,18.900%,0.000%,6.300%,0.000%,6.300%,0.000%,,152,228,38,38,,"2,256","1,353",45,0,10.07%,12.60%,0.00%,0.00%,6.30%,6.30%,,10.067%,0.000%,12.600%,0.000%,6.300%,0.000%,6.300%,0.000%,,76,114,38,38,,Labyrinth Forest,Normal
10022,47,Golem,259,155,89,Neutral,Formless,Large,Final ASPD +30%,Accessory,,"69,206",17.65%,17.65%,0.00%,0.00%,6.60%,6.60%,,17.650%,0.000%,17.650%,0.000%,6.600%,0.000%,6.600%,0.000%,,203,203,41,41,,"1,895","3,158",0,49,13.13%,10.40%,0.00%,0.00%,6.60%,6.60%,,13.133%,0.000%,10.400%,0.000%,6.600%,0.000%,6.600%,0.000%,,122,81,41,41,,Sograt Desert,Normal
10033,47,Side Winder,138,138,59,Poison,Brute,Medium,Final Haste +3%,Weapon,,"46,137",17.65%,17.65%,0.00%,0.00%,6.60%,6.60%,,17.650%,0.000%,17.650%,0.000%,6.600%,0.000%,6.600%,0.000%,,203,203,41,41,,930,"1,550",0,49,13.13%,10.40%,0.00%,0.00%,6.60%,6.60%,,13.133%,0.000%,10.400%,0.000%,6.600%,0.000%,6.600%,0.000%,,122,81,41,41,,Pyramid 1F,Normal
10040,48,Magnolia,89,53,30,Water,Demon,Small,Final Crit +6%,Weapon,,"25,476",20.48%,16.20%,0.00%,0.00%,6.90%,6.90%,,20.480%,0.000%,16.200%,0.000%,6.900%,0.000%,6.900%,0.000%,,262,174,44,44,,"1,119",671,0,54,13.73%,10.80%,0.00%,0.00%,6.90%,6.90%,,13.733%,0.000%,10.800%,0.000%,6.900%,0.000%,6.900%,0.000%,,131,87,44,44,,Sograt Desert,Normal
10143,48,Ant Larva,71,71,30,Neutral,Insect,Small,P.ATK +6%,Headgear,,"25,476",12.27%,12.27%,0.00%,0.00%,15.15%,15.15%,,12.267%,0.000%,12.267%,0.000%,15.150%,0.000%,15.150%,0.000%,,109,109,153,153,,0,0,54,0,10.80%,13.73%,0.00%,0.00%,6.90%,6.90%,,10.800%,0.000%,13.733%,0.000%,6.900%,0.000%,6.900%,0.000%,,87,131,44,44,,Ant Cavern,Normal
10023,49,Hode,146,146,59,Earth,Insect,Medium,Max HP +12%,Cloak,,"56,162",19.15%,19.15%,0.00%,0.00%,7.20%,7.20%,,19.150%,0.000%,19.150%,0.000%,7.200%,0.000%,7.200%,0.000%,,233,233,47,47,,"1,046","1,743",0,59,14.33%,11.20%,0.00%,0.00%,7.20%,7.20%,,14.333%,0.000%,11.200%,0.000%,7.200%,0.000%,7.200%,0.000%,,140,93,47,47,,Sograt Desert,Normal
10099,49,Matyr,146,146,59,Shadow,Brute,Medium,Max HP +12%,Shoes,,"56,162",16.85%,21.20%,0.00%,0.00%,7.20%,7.20%,,16.850%,0.000%,21.200%,0.000%,7.200%,0.000%,7.200%,0.000%,,187,280,47,47,,506,304,59,0,11.20%,14.33%,0.00%,0.00%,7.20%,7.20%,,11.200%,0.000%,14.333%,0.000%,7.200%,0.000%,7.200%,0.000%,,93,140,47,47,,Pyramid 1F,Normal
10024,50,Desert Wolf,113,188,72,Fire,Brute,Medium,"M.ATK +3%
Final M.DMG Bonus +3%",Weapon,,"61,667",21.92%,17.45%,0.00%,0.00%,7.50%,7.50%,,21.920%,0.000%,17.450%,0.000%,7.500%,0.000%,7.500%,0.000%,,298,199,50,50,,"1,439",863,0,64,14.93%,11.60%,0.00%,0.00%,7.50%,7.50%,,14.933%,0.000%,11.600%,0.000%,7.500%,0.000%,7.500%,0.000%,,149,99,50,50,,Sograt Desert,Normal
10080,50,Andre,75,75,36,Earth,Insect,Small,"P.ATK +3%
Final P.PEN +3%",Weapon,,"30,833",19.95%,19.95%,0.00%,0.00%,7.50%,7.50%,,19.950%,0.000%,19.950%,0.000%,7.500%,0.000%,7.500%,0.000%,,249,249,50,50,,663,"1,105",0,64,14.93%,11.60%,0.00%,0.00%,7.50%,7.50%,,14.933%,0.000%,11.600%,0.000%,7.500%,0.000%,7.500%,0.000%,,149,99,50,50,,Ant Cavern,Normal
10081,51,Piere,77,77,36,Earth,Insect,Small,M.ATK +6%,Headgear,,"42,352",13.87%,13.87%,0.00%,0.00%,16.80%,16.80%,,13.867%,0.000%,13.867%,0.000%,16.800%,0.000%,16.800%,0.000%,,133,133,186,186,,"1,379",919,134,0,11.73%,15.10%,0.00%,0.00%,7.60%,7.60%,,11.733%,0.000%,15.100%,0.000%,7.600%,0.000%,7.600%,0.000%,,101,152,51,51,,Ant Cavern,Normal
10145,51,Soldier Skeleton,193,116,72,Undead,Undead,Medium,Final Haste +3%,Accessory,,"84,703",20.60%,20.60%,0.00%,0.00%,7.80%,7.80%,,20.600%,0.000%,20.600%,0.000%,7.800%,0.000%,7.800%,0.000%,,265,265,53,53,,"2,438","3,656",0,134,15.10%,11.73%,0.00%,0.00%,7.60%,7.60%,,15.100%,0.000%,11.733%,0.000%,7.600%,0.000%,7.600%,0.000%,,152,101,51,51,,Pyramid 1F,Normal
10068,52,Vadon,59,99,36,Water,Fish,Small,"P.ATK +3%
Final P.DMG Bonus +3%",Weapon,,"46,677",18.85%,23.64%,0.00%,0.00%,8.20%,8.20%,,18.850%,0.000%,23.640%,0.000%,8.200%,0.000%,8.200%,0.000%,,227,341,57,57,,"1,898","1,265",146,0,12.20%,15.60%,0.00%,0.00%,7.90%,7.90%,,12.200%,0.000%,15.600%,0.000%,7.900%,0.000%,7.900%,0.000%,,108,162,54,54,,Underwater Cave,Normal
10108,52,Argiope,237,237,108,Poison,Insect,Large,Final P.DEF +6%,Clothes,,"140,030",21.36%,21.36%,0.00%,0.00%,8.20%,8.20%,,21.360%,0.000%,21.360%,0.000%,8.200%,0.000%,8.200%,0.000%,,284,284,57,57,,"4,168","6,253",0,146,15.60%,12.20%,0.00%,0.00%,7.90%,7.90%,,15.600%,0.000%,12.200%,0.000%,7.900%,0.000%,7.900%,0.000%,,162,108,54,54,,Mjolnir Mountains,Normal
10069,53,Marina,61,101,36,Water,Plant,Small,P.ATK +6%,Weapon,,"51,206",15.10%,15.10%,0.00%,0.00%,18.10%,18.10%,,15.100%,0.000%,15.100%,0.000%,18.100%,0.000%,18.100%,0.000%,,152,152,212,212,,"2,882","1,921",158,0,12.60%,16.10%,0.00%,0.00%,8.20%,8.20%,,12.600%,0.000%,16.100%,0.000%,8.200%,0.000%,8.200%,0.000%,,114,172,57,57,,Underwater Cave,Normal
10098,53,Archer Skeleton,122,203,72,Undead,Undead,Medium,"M.ATK +3%
Final M.PEN +3%",Weapon,,"102,412",19.60%,24.56%,0.00%,0.00%,8.60%,8.60%,,19.600%,0.000%,24.560%,0.000%,8.600%,0.000%,8.600%,0.000%,,242,364,61,61,,"5,423","3,615",158,0,12.60%,16.10%,0.00%,0.00%,8.20%,8.20%,,12.600%,0.000%,16.100%,0.000%,8.200%,0.000%,8.200%,0.000%,,114,172,57,57,,Pyramid 1F,Normal
10025,54,Frilldora,166,166,72,Fire,Brute,Medium,Final P.DMG RED +6%,Cloak,,"112,026",25.40%,20.32%,0.00%,0.00%,8.90%,8.90%,,25.400%,0.000%,20.320%,0.000%,8.900%,0.000%,8.900%,0.000%,,387,258,64,64,,"2,108","3,161",0,171,16.60%,13.07%,0.00%,0.00%,8.60%,8.60%,,16.600%,0.000%,13.067%,0.000%,8.600%,0.000%,8.600%,0.000%,,182,121,61,61,,Sograt Desert,Normal
10082,54,Deniro,83,83,36,Earth,Insect,Small,Final P.PEN +6%,Headgear,,"56,013",22.88%,22.88%,0.00%,0.00%,8.90%,8.90%,,22.880%,0.000%,22.880%,0.000%,8.900%,0.000%,8.900%,0.000%,,322,322,64,64,,"1,177","1,765",0,171,16.60%,13.07%,0.00%,0.00%,8.60%,8.60%,,16.600%,0.000%,13.067%,0.000%,8.600%,0.000%,8.600%,0.000%,,182,121,61,61,,Ant Cavern,Normal
10071,55,Cornutus,64,106,36,Water,Fish,Small,"Final P.DEF +3%
Final P.DMG RED +3%",Shoes,,"61,110",20.92%,26.17%,0.00%,0.00%,9.30%,9.30%,,20.920%,0.000%,26.167%,0.000%,9.300%,0.000%,9.300%,0.000%,,273,410,68,68,,"1,847","1,231",185,0,13.53%,17.10%,0.00%,0.00%,8.90%,8.90%,,13.533%,0.000%,17.100%,0.000%,8.900%,0.000%,8.900%,0.000%,,128,192,64,64,,Underwater Cave,Normal
10083,55,Vitata,43,128,36,Earth,Insect,Small,"Final P.PEN +6%
Can use Lv1 Heal. SP cost of all skills is increased by 25%
This effect doesnt stack",Accessory,,"61,110",26.17%,20.92%,0.00%,0.00%,9.30%,9.30%,,26.167%,0.000%,20.920%,0.000%,9.300%,0.000%,9.300%,0.000%,,410,273,68,68,,"2,616","1,744",0,185,17.10%,13.53%,0.00%,0.00%,8.90%,8.90%,,17.100%,0.000%,13.533%,0.000%,8.900%,0.000%,8.900%,0.000%,,192,128,64,64,,Ant Cavern,Normal
10072,56,Phen,131,218,72,Water,Fish,Medium,Final M.PEN +6%,Accessory,,"133,016",26.97%,21.56%,0.00%,0.00%,9.70%,9.70%,,26.967%,0.000%,21.560%,0.000%,9.700%,0.000%,9.700%,0.000%,,434,289,72,72,,"4,044","6,065",0,199,17.65%,14.00%,0.00%,0.00%,9.30%,9.30%,,17.650%,0.000%,14.000%,0.000%,9.300%,0.000%,9.300%,0.000%,,203,135,68,68,,Underwater Cave,Normal
10100,56,Mummy,261,87,72,Undead,Undead,Medium,Final M.PEN +6%,Headgear,,"133,016",16.55%,16.55%,0.00%,0.00%,20.12%,20.12%,,16.550%,0.000%,16.550%,0.000%,20.120%,0.000%,20.120%,0.000%,,181,181,253,253,,"4,227","2,818",199,0,14.00%,17.65%,0.00%,0.00%,9.30%,9.30%,,14.000%,0.000%,17.650%,0.000%,9.300%,0.000%,9.300%,0.000%,,135,203,68,68,,Pyramid 1F,Normal
10101,57,Verit,178,178,72,Undead,Undead,Medium,Final M.DMG Bonus +6%,Headgear,,"144,687",17.05%,17.05%,0.00%,0.00%,20.72%,20.72%,,17.050%,0.000%,17.050%,0.000%,20.720%,0.000%,20.720%,0.000%,,191,191,268,268,,"6,340","4,227",214,0,14.47%,18.15%,0.00%,0.00%,9.60%,9.60%,,14.467%,0.000%,18.150%,0.000%,9.600%,0.000%,9.600%,0.000%,,142,213,71,71,,Pyramid 2F,Normal
10118,57,Marduk,200,334,108,Fire,Demi-Human,Large,Final P.DMG Bonus +6%,Headgear,,"217,030",22.24%,27.83%,0.00%,0.00%,10.13%,10.13%,,22.240%,0.000%,27.833%,0.000%,10.133%,0.000%,10.133%,0.000%,,306,460,77,77,,"7,906","5,271",214,0,14.47%,18.15%,0.00%,0.00%,9.60%,9.60%,,14.467%,0.000%,18.150%,0.000%,9.600%,0.000%,9.600%,0.000%,,142,213,71,71,,Sphinx Cavern,Normal
10073,58,Marine Sphere,91,91,36,Water,Plant,Small,Final P.DMG Bonus +6%,Accessory,,"77,884",17.55%,17.55%,0.00%,0.00%,21.24%,21.24%,,17.550%,0.000%,17.550%,0.000%,21.240%,0.000%,21.240%,0.000%,,201,201,281,281,,0,0,228,0,14.87%,18.65%,0.00%,0.00%,9.90%,9.90%,,14.867%,0.000%,18.650%,0.000%,9.900%,0.000%,9.900%,0.000%,,148,223,74,74,,Underwater Cave,Normal
10103,58,Isis,341,205,108,Shadow,Demon,Large,"Final M.DEF +3%
Final M.DMG RED +3%",Shoes,,"233,652",25.87%,25.87%,0.00%,0.00%,10.33%,10.33%,,25.867%,0.000%,25.867%,0.000%,10.333%,0.000%,10.333%,0.000%,,401,401,80,80,,"5,031","7,546",0,228,18.65%,14.87%,0.00%,0.00%,9.90%,9.90%,,18.650%,0.000%,14.867%,0.000%,9.900%,0.000%,9.900%,0.000%,,223,148,74,74,,Pyramid 2F,Normal
10074,59,Swordfish,140,419,108,Water,Fish,Large,Final M.DEF +6%,Clothes,,"251,096",23.44%,29.30%,0.00%,0.00%,10.60%,10.60%,,23.440%,0.000%,29.300%,0.000%,10.600%,0.000%,10.600%,0.000%,,336,504,84,84,,"7,637","11,455",242,0,15.25%,19.10%,0.00%,0.00%,10.13%,10.13%,,15.250%,0.000%,19.100%,0.000%,10.133%,0.000%,10.133%,0.000%,,155,232,77,77,,Underwater Temple,Normal
10104,59,Minorous,349,209,108,Fire,Brute,Large,M.ATK +6%,Weapon,,"251,096",26.50%,26.50%,0.00%,0.00%,10.60%,10.60%,,26.500%,0.000%,26.500%,0.000%,10.600%,0.000%,10.600%,0.000%,,420,420,84,84,,"7,908","5,272",0,242,19.10%,15.25%,0.00%,0.00%,10.13%,10.13%,,19.100%,0.000%,15.250%,0.000%,10.133%,0.000%,10.133%,0.000%,,232,155,77,77,,Pyramid 2F,Normal
10076,60,Marse,95,95,43,Water,Fish,Small,Final M.DMG RED +6%,Cloak,,"91,639",18.70%,18.70%,0.00%,0.00%,22.52%,22.52%,,18.700%,0.000%,18.700%,0.000%,22.520%,0.000%,22.520%,0.000%,,224,224,313,313,,"4,033","2,689",257,0,15.55%,19.55%,0.00%,0.00%,10.33%,10.33%,,15.550%,0.000%,19.550%,0.000%,10.333%,0.000%,10.333%,0.000%,,161,241,80,80,,Underwater Temple,Normal
10116,60,Zerom,238,143,86,Fire,Demi-Human,Medium,Final M.DMG Bonus +6%,Accessory,,"183,278",30.34%,24.32%,0.00%,0.00%,10.93%,10.93%,,30.343%,0.000%,24.320%,0.000%,10.933%,0.000%,10.933%,0.000%,,537,358,89,89,,"5,494","3,662",0,257,19.55%,15.55%,0.00%,0.00%,10.33%,10.33%,,19.550%,0.000%,15.550%,0.000%,10.333%,0.000%,10.333%,0.000%,,241,161,80,80,,Sphinx Cavern,Normal
10075,61,Obeaune,147,245,86,Water,Fish,Medium,Stun RES +30%,Accessory,,"233,626",27.93%,27.93%,0.00%,0.00%,11.20%,11.20%,,27.933%,0.000%,27.933%,0.000%,11.200%,0.000%,11.200%,0.000%,,463,463,93,93,,"6,105","4,070",0,272,20.00%,15.85%,0.00%,0.00%,10.53%,10.53%,,20.000%,0.000%,15.850%,0.000%,10.533%,0.000%,10.533%,0.000%,,250,167,83,83,,Underwater Temple,Normal
10086,61,Arclouze,123,74,43,Earth,Insect,Small,"Water Enhance +10%
Wind Enhance +10%",Weapon,,"116,813",24.80%,30.86%,0.00%,0.00%,11.20%,11.20%,,24.800%,0.000%,30.857%,0.000%,11.200%,0.000%,11.200%,0.000%,,370,555,93,93,,"1,393","2,089",272,0,15.85%,20.00%,0.00%,0.00%,10.53%,10.53%,,15.850%,0.000%,20.000%,0.000%,10.533%,0.000%,10.533%,0.000%,,167,250,83,83,,Pyramid 2F,Normal
10029,62,Wormtail,202,202,86,Earth,Plant,Medium,Freeze RES +30%,Accessory,,"251,941",31.69%,25.47%,0.00%,0.00%,11.47%,11.47%,,31.686%,0.000%,25.467%,0.000%,11.467%,0.000%,11.467%,0.000%,,584,389,97,97,,"2,426","3,639",0,289,20.40%,16.15%,0.00%,0.00%,10.80%,10.80%,,20.400%,0.000%,16.150%,0.000%,10.800%,0.000%,10.800%,0.000%,,260,173,87,87,,Payon South,Normal
10117,62,Requiem,253,152,86,Shadow,Demi-Human,Medium,"Earth Enhance +10%
Fire Enhance +10%",Weapon,,"251,941",31.69%,25.47%,0.00%,0.00%,11.47%,11.47%,,31.686%,0.000%,25.467%,0.000%,11.467%,0.000%,11.467%,0.000%,,584,389,97,97,,"5,268","3,512",0,289,20.40%,16.15%,0.00%,0.00%,10.80%,10.80%,,20.400%,0.000%,16.150%,0.000%,10.800%,0.000%,10.800%,0.000%,,260,173,87,87,,Sphinx Cavern,Normal
10038,63,Bigfoot,234,390,129,Earth,Brute,Large,"Holy Enhance +10%
Neutral Enhance +10%",Weapon,,"406,347",26.10%,32.46%,0.00%,0.00%,11.80%,11.80%,,26.100%,0.000%,32.457%,0.000%,11.800%,0.000%,11.800%,0.000%,,408,611,102,102,,"6,171","9,256",306,0,16.50%,20.80%,0.00%,0.00%,11.00%,11.00%,,16.500%,0.000%,20.800%,0.000%,11.000%,0.000%,11.000%,0.000%,,180,270,90,90,,Payon West,Normal
10053,63,Snake,104,312,86,Earth,Brute,Medium,"Ghost Enhance +10%
Poison Enhance +10%",Weapon,,"270,898",29.47%,29.47%,0.00%,0.00%,11.80%,11.80%,,29.467%,0.000%,29.467%,0.000%,11.800%,0.000%,11.800%,0.000%,,509,509,102,102,,"5,803","3,869",0,306,20.80%,16.50%,0.00%,0.00%,11.00%,11.00%,,20.800%,0.000%,16.500%,0.000%,11.000%,0.000%,11.000%,0.000%,,270,180,90,90,,Payon West,Normal
10050,64,Wolf,268,161,86,Earth,Brute,Medium,Final ASPD +40%,Weapon,,"290,911",20.68%,20.68%,0.00%,0.00%,24.92%,24.92%,,20.680%,0.000%,20.680%,0.000%,24.920%,0.000%,24.920%,0.000%,,267,267,373,373,,"4,082","2,721",324,0,16.85%,21.20%,0.00%,0.00%,11.20%,11.20%,,16.850%,0.000%,21.200%,0.000%,11.200%,0.000%,11.200%,0.000%,,187,280,93,93,,Payon West,Normal
10119,64,Pasana,321,321,129,Fire,Demi-Human,Large,"Neutral Damage from Monster -10%
Shadow Damage from Monster -10%
Wind Damage from Monster -10%",Clothes,,"436,367",26.73%,33.29%,0.00%,0.00%,12.13%,12.13%,,26.733%,0.000%,33.286%,0.000%,12.133%,0.000%,12.133%,0.000%,,427,640,107,107,,"5,079","7,619",324,0,16.85%,21.20%,0.00%,0.00%,11.20%,11.20%,,16.850%,0.000%,21.200%,0.000%,11.200%,0.000%,11.200%,0.000%,,187,280,93,93,,Sphinx Cavern,Normal
10097,65,Skeleton,220,220,86,Undead,Undead,Medium,Bonus DMG to Large +10%,Weapon,,"311,740",34.09%,27.37%,0.00%,0.00%,12.40%,12.40%,,34.086%,0.000%,27.367%,0.000%,12.400%,0.000%,12.400%,0.000%,,668,446,111,111,,"9,161","6,108",0,342,21.64%,17.20%,0.00%,0.00%,11.47%,11.47%,,21.640%,0.000%,17.200%,0.000%,11.467%,0.000%,11.467%,0.000%,,291,194,97,97,,Munak Cave 1F,Normal
10154,65,Anubis,495,165,129,Undead,Demi-Human,Large,Final Crit +8%,Weapon,,"467,610",27.37%,34.09%,0.00%,0.00%,12.40%,12.40%,,27.367%,0.000%,34.086%,0.000%,12.400%,0.000%,12.400%,0.000%,,446,668,111,111,,"6,847","10,271",342,0,17.20%,21.64%,0.00%,0.00%,11.47%,11.47%,,17.200%,0.000%,21.640%,0.000%,11.467%,0.000%,11.467%,0.000%,,194,291,97,97,,Sphinx Cavern,Normal
10036,66,Elder Willow,339,339,129,Fire,Plant,Large,Blind RES +10%,Headgear,,"500,108",31.60%,31.60%,0.00%,0.00%,12.73%,12.73%,,31.600%,0.000%,31.600%,0.000%,12.733%,0.000%,12.733%,0.000%,,581,581,116,116,,"7,921","11,881",0,361,22.04%,17.55%,0.00%,0.00%,11.67%,11.67%,,22.040%,0.000%,17.550%,0.000%,11.667%,0.000%,11.667%,0.000%,,301,201,100,100,,Payon East Forest,Normal
10089,66,Munak,226,226,86,Undead,Undead,Medium,Bonus DMG to Medium +10%,Weapon,,"333,405",21.60%,21.60%,0.00%,0.00%,26.07%,26.07%,,21.600%,0.000%,21.600%,0.000%,26.067%,0.000%,26.067%,0.000%,,290,290,407,407,,"10,710","7,140",361,0,17.55%,22.04%,0.00%,0.00%,11.67%,11.67%,,17.550%,0.000%,22.040%,0.000%,11.667%,0.000%,11.667%,0.000%,,201,301,100,100,,Munak Cave 1F,Normal
10078,67,Marc,116,116,43,Water,Fish,Small,"Fire Damage from Monster -10%
Ghost Damage from Monster -10%
Earth Damage Monster -10%",Clothes,,"178,235",32.31%,32.31%,0.00%,0.00%,13.07%,13.07%,,32.314%,0.000%,32.314%,0.000%,13.067%,0.000%,13.067%,0.000%,,606,606,121,121,,"2,580","3,870",0,381,22.44%,17.90%,0.00%,0.00%,11.93%,11.93%,,22.440%,0.000%,17.900%,0.000%,11.933%,0.000%,11.933%,0.000%,,311,208,104,104,,Underwater Temple,Normal
10090,67,Bongun,232,232,86,Undead,Undead,Medium,Immobilize RES +10%,Accessory,,"356,469",32.31%,32.31%,0.00%,0.00%,13.07%,13.07%,,32.314%,0.000%,32.314%,0.000%,13.067%,0.000%,13.067%,0.000%,,606,606,121,121,,"7,862","5,241",0,381,22.44%,17.90%,0.00%,0.00%,11.93%,11.93%,,22.440%,0.000%,17.900%,0.000%,11.933%,0.000%,11.933%,0.000%,,311,208,104,104,,Munak Cave 1F,Normal
10041,68,Dokebi,149,89,43,Shadow,Demon,Small,"Water Damage from Monster -10%
Damage from from Monster -10%
Poison Damage from Monster -10%",Clothes,,"189,950",36.40%,29.30%,0.00%,0.00%,13.40%,13.40%,,36.400%,0.000%,29.300%,0.000%,13.400%,0.000%,13.400%,0.000%,,756,504,126,126,,"3,722","2,481",0,401,22.88%,18.20%,0.00%,0.00%,12.13%,12.13%,,22.880%,0.000%,18.200%,0.000%,12.133%,0.000%,12.133%,0.000%,,322,214,107,107,,Munak Cave 1F,Normal
10043,68,Greatest General,446,268,129,Fire,Formless,Large,Petrify RES +30%,Accessory,,"569,849",36.40%,29.30%,0.00%,0.00%,13.40%,13.40%,,36.400%,0.000%,29.300%,0.000%,13.400%,0.000%,13.400%,0.000%,,756,504,126,126,,"11,070","7,380",0,401,22.88%,18.20%,0.00%,0.00%,12.13%,12.13%,,22.880%,0.000%,18.200%,0.000%,12.133%,0.000%,12.133%,0.000%,,322,214,107,107,,Payon East Forest,Normal
10079,69,Deviace,61,183,43,Water,Fish,Small,Bonus DMG to Small +10%,Weapon,,"202,114",29.93%,37.10%,0.00%,0.00%,13.73%,13.73%,,29.933%,0.000%,37.100%,0.000%,13.733%,0.000%,13.733%,0.000%,,523,784,131,131,,"3,780","5,670",422,0,18.55%,23.28%,0.00%,0.00%,12.40%,12.40%,,18.550%,0.000%,23.280%,0.000%,12.400%,0.000%,12.400%,0.000%,,221,332,111,111,,Underwater Temple,Normal
10091,69,Sohee,244,244,86,Water,Demon,Medium,Reduced DMG from Large +10%,Shoes,,"404,228",23.08%,23.08%,0.00%,0.00%,27.77%,27.77%,,23.080%,0.000%,23.080%,0.000%,27.767%,0.000%,27.767%,0.000%,,327,327,458,458,,"7,121","10,682",422,0,18.55%,23.28%,0.00%,0.00%,12.40%,12.40%,,18.550%,0.000%,23.280%,0.000%,12.400%,0.000%,12.400%,0.000%,,221,332,111,111,,Munak Cave 2F,Normal
10037,70,Eggyra,125,375,100,Ghost,Formless,Medium,Reduced DMG from Large +10%,Shoes,,"429,476",23.56%,23.56%,0.00%,0.00%,28.30%,28.30%,,23.560%,0.000%,23.560%,0.000%,28.300%,0.000%,28.300%,0.000%,,339,339,474,474,,"6,454","9,681",443,0,18.90%,23.68%,0.00%,0.00%,12.60%,12.60%,,18.900%,0.000%,23.680%,0.000%,12.600%,0.000%,12.600%,0.000%,,228,342,114,114,,Payon East Forest,Normal
10092,70,Nine Tail,125,125,50,Fire,Brute,Small,"Damage from Demon Mobs -10%
Damage from Fish Mobs -10%
Damage from Dragon -10%",Cloak,,"214,738",34.37%,34.37%,0.00%,0.00%,14.07%,14.07%,,34.371%,0.000%,34.371%,0.000%,14.067%,0.000%,14.067%,0.000%,,678,678,136,136,,"1,986","2,979",0,443,23.68%,18.90%,0.00%,0.00%,12.60%,12.60%,,23.680%,0.000%,18.900%,0.000%,12.600%,0.000%,12.600%,0.000%,,342,228,114,114,,Payon West,Normal
10042,71,Horong,128,128,50,Fire,Formless,Small,Sleep RES +30%,Accessory,,"264,663",34.97%,34.97%,0.00%,0.00%,14.33%,14.33%,,34.971%,0.000%,34.971%,0.000%,14.333%,0.000%,14.333%,0.000%,,699,699,140,140,,"6,998","4,666",0,463,24.04%,19.20%,0.00%,0.00%,12.80%,12.80%,,24.040%,0.000%,19.200%,0.000%,12.800%,0.000%,12.800%,0.000%,,351,234,117,117,,Munak Cave 2F,Normal
10111,71,Flail-wielding Goblin,320,192,100,Fire,Demi-Human,Medium,Curse RES +30%,Headgear,,"529,326",38.48%,30.97%,0.00%,0.00%,14.33%,14.33%,,38.475%,0.000%,30.971%,0.000%,14.333%,0.000%,14.333%,0.000%,,839,559,140,140,,"4,888","7,332",0,463,24.04%,19.20%,0.00%,0.00%,12.80%,12.80%,,24.040%,0.000%,19.200%,0.000%,12.800%,0.000%,12.800%,0.000%,,351,234,117,117,,Goblin Forest,Normal
10120,72,Orc Zombie,295,491,150,Undead,Undead,Large,"Damage from Formless Mobs -10%
Damage from Demi-Human Mobs -10%
Damage from Plant Mobs -10%",Cloak,,"844,124",35.63%,35.63%,0.00%,0.00%,14.67%,14.67%,,35.625%,0.000%,35.625%,0.000%,14.667%,0.000%,14.667%,0.000%,,725,725,145,145,,"33,275","22,184",0,486,24.48%,19.60%,0.00%,0.00%,13.07%,13.07%,,24.480%,0.000%,19.600%,0.000%,13.067%,0.000%,13.067%,0.000%,,362,242,121,121,,Orc Dungeon,Normal
10158,72,Orc Baby,131,131,50,Earth,Demi-Human,Small,Silence RES +30%,Accessory,,"281,375",39.25%,31.57%,0.00%,0.00%,14.67%,14.67%,,39.250%,0.000%,31.571%,0.000%,14.667%,0.000%,14.667%,0.000%,,870,580,145,145,,"3,347","2,231",0,486,24.48%,19.60%,0.00%,0.00%,13.07%,13.07%,,24.480%,0.000%,19.600%,0.000%,13.067%,0.000%,13.067%,0.000%,,362,242,121,121,,Orc Village,Normal
10109,73,Mace-wielding Goblin,268,268,100,Water,Demi-Human,Medium,"Poison RES +10% (for debuff ""Poisoned"")",Headgear,,"597,264",40.04%,32.17%,0.00%,0.00%,15.00%,15.00%,,40.044%,0.000%,32.171%,0.000%,15.000%,0.000%,15.000%,0.000%,,902,601,150,150,,"12,562","18,842",0,511,24.96%,19.95%,0.00%,0.00%,13.33%,13.33%,,24.960%,0.000%,19.950%,0.000%,13.333%,0.000%,13.333%,0.000%,,374,249,125,125,,Goblin Forest,Normal
10128,73,Mace-wielding Kobold,335,201,100,Fire,Demi-Human,Medium,Bleed RES +10%,Headgear,,"597,264",36.30%,36.30%,0.00%,0.00%,15.00%,15.00%,,36.300%,0.000%,36.300%,0.000%,15.000%,0.000%,15.000%,0.000%,,752,752,150,150,,"7,549","5,033",0,511,24.96%,19.95%,0.00%,0.00%,13.33%,13.33%,,24.960%,0.000%,19.950%,0.000%,13.333%,0.000%,13.333%,0.000%,,374,249,125,125,,Kordt Forest,Normal
10132,74,Jakk,206,69,50,Fire,Formless,Small,"Damage from Insect Mobs -10%
Damage from Undead Mobs -10%
Damage from Brute Mobs -10%",Cloak,,"316,858",25.47%,25.47%,0.00%,0.00%,30.57%,30.57%,,25.467%,0.000%,25.467%,0.000%,30.571%,0.000%,30.571%,0.000%,,389,389,545,545,,"3,385","5,077",538,0,20.32%,25.37%,0.00%,0.00%,13.60%,13.60%,,20.320%,0.000%,25.367%,0.000%,13.600%,0.000%,13.600%,0.000%,,258,386,129,129,,Geffen Dungeon 1F,Normal
10157,74,Skeleton General,274,274,100,Undead,Undead,Medium,Reduced DMG froms Small +10%,Shoes,,"633,716",32.80%,40.78%,0.00%,0.00%,15.30%,15.30%,,32.800%,0.000%,40.778%,0.000%,15.300%,0.000%,15.300%,0.000%,,623,935,156,156,,"14,716","9,811",538,0,20.32%,25.37%,0.00%,0.00%,13.60%,13.60%,,20.320%,0.000%,25.367%,0.000%,13.600%,0.000%,13.600%,0.000%,,258,386,129,129,,Munak Cave 2F,Normal
10110,75,Hammer-wielding Goblin,350,210,100,Earth,Demi-Human,Medium,Armor Break RES +10%,Headgear,,"681,489",33.69%,41.82%,0.00%,0.00%,15.70%,15.70%,,33.686%,0.000%,41.822%,0.000%,15.700%,0.000%,15.700%,0.000%,,654,982,164,164,,"7,323","10,984",565,0,20.64%,25.80%,0.00%,0.00%,13.87%,13.87%,,20.640%,0.000%,25.800%,0.000%,13.867%,0.000%,13.867%,0.000%,,266,399,133,133,,Goblin Forest,Normal
10121,75,Orc Warrior,210,630,150,Earth,Demi-Human,Large,Weapon Break RES +10%,Headgear,,"1,022,234",26.13%,26.13%,0.00%,0.00%,31.37%,31.37%,,26.133%,0.000%,26.133%,0.000%,31.371%,0.000%,31.371%,0.000%,,409,409,573,573,,"16,815","25,223",565,0,20.64%,25.80%,0.00%,0.00%,13.87%,13.87%,,20.640%,0.000%,25.800%,0.000%,13.867%,0.000%,13.867%,0.000%,,266,399,133,133,,Orc Village,Normal
10122,76,Orc Skeleton,429,429,150,Undead,Undead,Large,Bonus DMG to Demon +12.5% ​,Weapon,,"1,075,517",26.50%,26.50%,0.00%,0.00%,31.83%,31.83%,,26.500%,0.000%,26.500%,0.000%,31.829%,0.000%,31.829%,0.000%,,420,420,589,589,,"22,960","34,439",593,0,20.96%,26.20%,0.00%,0.00%,14.13%,14.13%,,20.960%,0.000%,26.200%,0.000%,14.133%,0.000%,14.133%,0.000%,,274,411,137,137,,Orc Dungeon,Normal
10129,76,Hammer-wielding Kobold,286,286,100,Poison,Demi-Human,Medium,Physical Lifesteal +10%,Accessory,,"717,011",38.53%,38.53%,0.00%,0.00%,15.90%,15.90%,,38.525%,0.000%,38.525%,0.000%,15.900%,0.000%,15.900%,0.000%,,841,841,168,168,,"10,887","7,258",0,593,26.20%,20.96%,0.00%,0.00%,14.13%,14.13%,,26.200%,0.000%,20.960%,0.000%,14.133%,0.000%,14.133%,0.000%,,411,274,137,137,,Kordt Forest,Normal
10102,77,Ghoul,292,292,100,Undead,Undead,Medium,Variable Channeling Time -0.675s,Headgear,,"757,970",39.23%,39.23%,0.00%,0.00%,16.20%,16.20%,,39.225%,0.000%,39.225%,0.000%,16.200%,0.000%,16.200%,0.000%,,869,869,174,174,,"18,352","12,235",0,622,26.63%,21.28%,0.00%,0.00%,14.40%,14.40%,,26.633%,0.000%,21.280%,0.000%,14.400%,0.000%,14.400%,0.000%,,424,282,141,141,,Geffen Dungeon 1F,Normal
10112,77,Axe-wielding Goblin,292,292,100,Poison,Demi-Human,Medium,Variable cooldown -2.5s,Headgear,,"757,970",39.23%,39.23%,0.00%,0.00%,16.20%,16.20%,,39.225%,0.000%,39.225%,0.000%,16.200%,0.000%,16.200%,0.000%,,869,869,174,174,,"12,085","8,057",0,622,26.63%,21.28%,0.00%,0.00%,14.40%,14.40%,,26.633%,0.000%,21.280%,0.000%,14.400%,0.000%,14.400%,0.000%,,424,282,141,141,,Goblin Forest,Normal
10133,78,Marionette,149,149,50,Ghost,Demon,Small,Max HP +20%,Cloak,,"400,179",43.91%,35.43%,0.00%,0.00%,16.45%,16.45%,,43.911%,0.000%,35.425%,0.000%,16.450%,0.000%,16.450%,0.000%,,"1,076",717,179,179,,"7,710","5,140",0,651,27.03%,21.64%,0.00%,0.00%,14.67%,14.67%,,27.033%,0.000%,21.640%,0.000%,14.667%,0.000%,14.667%,0.000%,,436,291,145,145,,Geffen Dungeon 1F,Normal
10155,78,Giant Whisper,335,559,150,Ghost,Demon,Large,Final DMG P.RED +10%,Cloak,,"1,200,538",35.43%,43.91%,0.00%,0.00%,16.45%,16.45%,,35.425%,0.000%,43.911%,0.000%,16.450%,0.000%,16.450%,0.000%,,717,"1,076",179,179,,"39,697","26,465",651,0,21.64%,27.03%,0.00%,0.00%,14.67%,14.67%,,21.640%,0.000%,27.033%,0.000%,14.667%,0.000%,14.667%,0.000%,,291,436,145,145,,Munak Cave 2F,Normal
10034,79,Ground Petite,304,304,100,Earth,Dragon,Medium,Bonus DMG ​​Damage to Formless +12.5%,Weapon,,"683,157",36.20%,36.20%,0.00%,0.00%,15.00%,15.00%,,36.200%,0.000%,36.200%,0.000%,15.000%,0.000%,15.000%,0.000%,,748,748,150,150,,"8,833","13,249",0,682,27.47%,21.96%,0.00%,0.00%,15.00%,15.00%,,27.467%,0.000%,21.960%,0.000%,15.000%,0.000%,15.000%,0.000%,,449,299,150,150,,Mjolnir Mountains,Normal
10113,79,Dagger-wielding Goblin,304,304,100,Wind,Demi-Human,Medium,Max HP +20%,Shoes,,"844,209",44.64%,36.00%,0.00%,0.00%,16.75%,16.75%,,44.644%,0.000%,36.000%,0.000%,16.750%,0.000%,16.750%,0.000%,,"1,109",740,185,185,,"6,106","9,160",0,682,27.47%,21.96%,0.00%,0.00%,15.00%,15.00%,,27.467%,0.000%,21.960%,0.000%,15.000%,0.000%,15.000%,0.000%,,449,299,150,150,,Goblin Forest,Normal
10035,80,Sky Petite,349,581,174,Wind,Dragon,Large,Max HP +20%,Clothes,,"1,077,550",40.51%,32.57%,0.00%,0.00%,15.20%,15.20%,,40.511%,0.000%,32.571%,0.000%,15.200%,0.000%,15.200%,0.000%,,923,615,154,154,,"16,192","24,288",0,713,27.87%,22.32%,0.00%,0.00%,15.20%,15.20%,,27.867%,0.000%,22.320%,0.000%,15.200%,0.000%,15.200%,0.000%,,461,308,154,154,,Mjolnir Mountains,Normal
10151,80,Baphomet Jr.,78,233,58,Shadow,Demon,Small,Final M.DMG RED +10%,Cloak,,"444,776",41.16%,41.16%,0.00%,0.00%,17.00%,17.00%,,41.156%,0.000%,41.156%,0.000%,17.000%,0.000%,17.000%,0.000%,,952,952,190,190,,"4,960","3,307",0,713,27.87%,22.32%,0.00%,0.00%,15.20%,15.20%,,27.867%,0.000%,22.320%,0.000%,15.200%,0.000%,15.200%,0.000%,,461,308,154,154,,Labyrinth Forest,Normal
10114,81,Goblin Archer,119,198,58,Poison,Demi-Human,Small,Bonus DMG to Insect +12.5%,Weapon,,"533,350",37.05%,45.96%,0.00%,0.00%,17.25%,17.25%,,37.050%,0.000%,45.960%,0.000%,17.250%,0.000%,17.250%,0.000%,,782,"1,173",195,195,,"4,736","7,103",759,0,22.88%,28.60%,0.00%,0.00%,15.55%,15.55%,,22.880%,0.000%,28.600%,0.000%,15.550%,0.000%,15.550%,0.000%,,322,483,161,161,,Goblin Forest,Normal
10166,81,Carat,158,158,46,Wind,Demon,Small,Heal Bonus +10%,Headgear,,"533,350",41.71%,41.71%,0.00%,0.00%,17.25%,17.25%,,41.711%,0.000%,41.711%,0.000%,17.250%,0.000%,17.250%,0.000%,,977,977,195,195,,"6,557","4,371",0,759,28.60%,22.88%,0.00%,0.00%,15.55%,15.55%,,28.600%,0.000%,22.880%,0.000%,15.550%,0.000%,15.550%,0.000%,,483,322,161,161,,Glast Heim,Normal
10130,82,Kobold Archer,161,161,58,Fire,Demi-Human,Small,Bonus DMG to Fish +12.5%,Weapon,,"562,145",29.30%,29.30%,0.00%,0.00%,35.13%,35.13%,,29.300%,0.000%,29.300%,0.000%,35.125%,0.000%,35.125%,0.000%,,504,504,705,705,,"6,414","4,276",794,0,23.24%,29.07%,0.00%,0.00%,15.80%,15.80%,,23.240%,0.000%,29.067%,0.000%,15.800%,0.000%,15.800%,0.000%,,331,497,166,166,,Kordt Forest,Normal
10168,82,Raydric,242,403,93,Shadow,Demi-Human,Medium,"Final P.DEF +5%
Final M.DEF +5%",Shoes,,"1,124,289",29.30%,29.30%,0.00%,0.00%,35.13%,35.13%,,29.300%,0.000%,29.300%,0.000%,35.125%,0.000%,35.125%,0.000%,,504,504,705,705,,"5,208","7,812",794,0,23.24%,29.07%,0.00%,0.00%,15.80%,15.80%,,23.240%,0.000%,29.067%,0.000%,15.800%,0.000%,15.800%,0.000%,,331,497,166,166,,Glast Heim St. Abbey,Normal
10123,83,Orc Lady,328,328,116,Earth,Demi-Human,Medium,Bonus DMG to Demi-Human +12.5%,Weapon,,"1,183,798",38.25%,47.40%,0.00%,0.00%,17.85%,17.85%,,38.250%,0.000%,47.400%,0.000%,17.850%,0.000%,17.850%,0.000%,,830,"1,245",207,207,,"6,970","10,455",830,0,23.64%,29.53%,0.00%,0.00%,16.00%,16.00%,,23.640%,0.000%,29.533%,0.000%,16.000%,0.000%,16.000%,0.000%,,341,511,170,170,,Orc Village,Normal
10134,83,Deviruchi,246,82,58,Shadow,Demon,Small,Bonus Healing Receive +10%,Headgear,,"485,907",34.46%,42.71%,0.00%,0.00%,16.00%,16.00%,,34.457%,0.000%,42.711%,0.000%,16.000%,0.000%,16.000%,0.000%,,681,"1,022",170,170,,"4,337","6,505",830,0,23.64%,29.53%,0.00%,0.00%,16.00%,16.00%,,23.640%,0.000%,29.533%,0.000%,16.000%,0.000%,16.000%,0.000%,,341,511,170,170,,Geffen Dungeon 2F,Normal
10124,84,Zenorc,334,334,116,Shadow,Demi-Human,Medium,Bonus DMG to Undead +12.5%,Weapon,,"1,245,265",43.73%,43.73%,0.00%,0.00%,18.20%,18.20%,,43.733%,0.000%,43.733%,0.000%,18.200%,0.000%,18.200%,0.000%,,"1,068","1,068",214,214,,"12,271","8,181",0,867,30.00%,24.00%,0.00%,0.00%,16.25%,16.25%,,30.000%,0.000%,24.000%,0.000%,16.250%,0.000%,16.250%,0.000%,,525,350,175,175,,Orc Dungeon,Normal
10195,84,Bloody Knight,376,626,144,Shadow,Formless,Large,Crit DMG Bonus +20%,Accessory,,"1,867,897",43.73%,43.73%,0.00%,0.00%,18.20%,18.20%,,43.733%,0.000%,43.733%,0.000%,18.200%,0.000%,18.200%,0.000%,,"1,068","1,068",214,214,,"17,262","11,508",0,867,30.00%,24.00%,0.00%,0.00%,16.25%,16.25%,,30.000%,0.000%,24.000%,0.000%,16.250%,0.000%,16.250%,0.000%,,525,350,175,175,,Glast Heim Chivalry,Normal
10115,85,Goblin Steamrider,170,510,97,Wind,Demi-Human,Medium,Bonus DMG to Dragon +12.5%,Weapon,,"1,308,730",48.86%,39.45%,0.00%,0.00%,18.50%,18.50%,,48.860%,0.000%,39.450%,0.000%,18.500%,0.000%,18.500%,0.000%,,"1,318",878,220,220,,"7,307","10,961",0,904,30.40%,24.36%,0.00%,0.00%,16.50%,16.50%,,30.400%,0.000%,24.360%,0.000%,16.500%,0.000%,16.500%,0.000%,,539,359,180,180,,Goblin Forest,Normal
10131,85,Axe-wielding Kobold,340,340,116,Wind,Demi-Human,Medium,"Final M.DEF +5%
Final M.DMG RED +5%",Shoes,,"1,308,730",39.45%,48.86%,0.00%,0.00%,18.50%,18.50%,,39.450%,0.000%,48.860%,0.000%,18.500%,0.000%,18.500%,0.000%,,878,"1,318",220,220,,"7,452","11,178",904,0,24.36%,30.40%,0.00%,0.00%,16.50%,16.50%,,24.360%,0.000%,30.400%,0.000%,16.500%,0.000%,16.500%,0.000%,,359,539,180,180,,Kordt Forest,Normal
10127,86,High Orc,649,389,148,Fire,Demi-Human,Large,Final M.DEF +10%,Clothes,,"2,064,149",49.62%,40.09%,0.00%,0.00%,18.80%,18.80%,,49.620%,0.000%,40.089%,0.000%,18.800%,0.000%,18.800%,0.000%,,"1,356",904,226,226,,"22,635","33,952",0,943,30.80%,24.76%,0.00%,0.00%,16.70%,16.70%,,30.800%,0.000%,24.760%,0.000%,16.700%,0.000%,16.700%,0.000%,,553,369,184,184,,Orc Village,Normal
10171,86,Majoruros,519,519,149,Fire,Brute,Large,SP Regen per 5s +5%,Headgear,,"2,064,149",40.09%,49.62%,0.00%,0.00%,18.80%,18.80%,,40.089%,0.000%,49.620%,0.000%,18.800%,0.000%,18.800%,0.000%,,904,"1,356",226,226,,"24,898","16,599",943,0,24.76%,30.80%,0.00%,0.00%,16.70%,16.70%,,24.760%,0.000%,30.800%,0.000%,16.700%,0.000%,16.700%,0.000%,,369,553,184,184,,Glast Heim,Normal
10135,87,Nightmare,660,396,150,Ghost,Demon,Large,HP Regen per 5s +5%,Headgear,,"2,165,667",50.31%,40.62%,0.00%,0.00%,19.10%,19.10%,,50.309%,0.000%,40.622%,0.000%,19.100%,0.000%,19.100%,0.000%,,"1,392",928,232,232,,"42,930","28,620",0,983,31.20%,25.10%,0.00%,0.00%,16.95%,16.95%,,31.200%,0.000%,25.100%,0.000%,16.950%,0.000%,16.950%,0.000%,,567,378,189,189,,Geffen Dungeon 2F,Normal
10179,87,Sageworm,220,132,50,Neutral,Brute,Small,Physical Reflect +10%,Accessory,,"721,889",40.62%,50.31%,0.00%,0.00%,19.10%,19.10%,,40.622%,0.000%,50.309%,0.000%,19.100%,0.000%,19.100%,0.000%,,928,"1,392",232,232,,"7,391","4,927",983,0,25.10%,31.20%,0.00%,0.00%,16.95%,16.95%,,25.100%,0.000%,31.200%,0.000%,16.950%,0.000%,16.950%,0.000%,,378,567,189,189,,Glast Heim Sewer,Normal
10126,88,Orc Archer,358,358,102,Earth,Demi-Human,Medium,Magic Lifesteal +10%,Accessory,,"1,515,488",51.02%,41.20%,0.00%,0.00%,19.40%,19.40%,,51.018%,0.000%,41.200%,0.000%,19.400%,0.000%,19.400%,0.000%,,"1,431",954,238,238,,"24,074","16,049",0,"1,024",31.60%,25.43%,0.00%,0.00%,17.20%,17.20%,,31.600%,0.000%,25.433%,0.000%,17.200%,0.000%,17.200%,0.000%,,581,388,194,194,,Orc Dungeon,Normal
10159,88,Rotar Zairo,671,403,152,Wind,Demi-Human,Large,Bonus DMG to Brute +12.5%,Weapon,,"2,273,232",32.03%,32.03%,0.00%,0.00%,38.38%,38.38%,,32.029%,0.000%,32.029%,0.000%,38.375%,0.000%,38.375%,0.000%,,596,596,835,835,,"39,632","59,448","1,024",0,25.43%,31.60%,0.00%,0.00%,17.20%,17.20%,,25.433%,0.000%,31.600%,0.000%,17.200%,0.000%,17.200%,0.000%,,388,581,194,194,,Goblin Forest,Normal
10163,89,Wind Ghost,546,182,103,Wind,Demon,Medium,Magic Reflect +10%,Accessory,,"1,590,583",41.78%,51.75%,0.00%,0.00%,19.75%,19.75%,,41.778%,0.000%,51.745%,0.000%,19.750%,0.000%,19.750%,0.000%,,980,"1,471",245,245,,"9,067","13,601","1,069",0,25.80%,32.09%,0.00%,0.00%,17.45%,17.45%,,25.800%,0.000%,32.086%,0.000%,17.450%,0.000%,17.450%,0.000%,,399,598,199,199,,Geffen Dungeon 2F,Normal
10172,89,Zombie Prisoner,182,546,103,Undead,Undead,Medium,Bonus DMG to Plant +12.5%,Weapon,,"1,590,583",32.51%,32.51%,0.00%,0.00%,38.95%,38.95%,,32.514%,0.000%,32.514%,0.000%,38.950%,0.000%,38.950%,0.000%,,613,613,858,858,,"15,141","22,711","1,069",0,25.80%,32.09%,0.00%,0.00%,17.45%,17.45%,,25.800%,0.000%,32.086%,0.000%,17.450%,0.000%,17.450%,0.000%,,399,598,199,199,,Glast Heim Prison,Normal
10164,90,Wraith,833,278,157,Undead,Undead,Large,Crit DMG Reduction +10%,Accessory,,"2,536,957",52.84%,42.69%,0.00%,0.00%,20.20%,20.20%,,52.836%,0.000%,42.689%,0.000%,20.200%,0.000%,20.200%,0.000%,,"1,531","1,021",255,255,,"48,759","32,506",0,"1,116",32.54%,26.17%,0.00%,0.00%,17.75%,17.75%,,32.543%,0.000%,26.167%,0.000%,17.750%,0.000%,17.750%,0.000%,,614,410,205,205,,Geffen Dungeon 2F,Normal
10190,90,Rybio,555,555,157,Neutral,Demon,Large,Final P.DEF +10%,Clothes,,"2,536,957",48.02%,48.02%,0.00%,0.00%,20.20%,20.20%,,48.020%,0.000%,48.020%,0.000%,20.200%,0.000%,20.200%,0.000%,,"1,276","1,276",255,255,,"31,970","47,955",0,"1,116",32.54%,26.17%,0.00%,0.00%,17.75%,17.75%,,32.543%,0.000%,26.167%,0.000%,17.750%,0.000%,17.750%,0.000%,,614,410,205,205,,Glast Heim Churchyard,Normal
10173,91,Brilight,94,282,53,Fire,Insect,Small,"PVP Final P.DMG Reduction +3.6%
 PVP Debuff Resistance +3.6%",Clothes,,"1,056,349",64.92%,64.92%,17.00%,17.00%,37.11%,37.11%,,47.920%,17.000%,47.920%,17.000%,20.160%,16.953%,20.160%,16.953%,,"1,271","1,271",254,254,,"17,344","11,562",0,"1,445",47.41%,33.75%,14.18%,7.09%,25.24%,25.24%,,33.229%,14.177%,26.667%,7.088%,18.150%,7.088%,18.150%,7.088%,,638,425,213,213,,Clock Tower 1F,Normal
10182,91,Sting,141,235,53,Earth,Formless,Small,Final ASPD +50%,Weapon,,"860,309",59.60%,69.75%,17.00%,17.00%,37.11%,37.11%,,42.600%,17.000%,52.745%,17.000%,20.160%,16.953%,20.160%,16.953%,,"1,017","1,526",254,254,,"3,327","4,991","1,177",0,33.75%,47.41%,7.09%,14.18%,25.24%,25.24%,,26.667%,7.088%,33.229%,14.177%,18.150%,7.088%,18.150%,7.088%,,425,638,213,213,,Glast Heim Sewer,Normal
10136,92,Cramp,287,96,54,Poison,Brute,Small,Earth Enhancement +15%,Accessory,,"1,177,150",51.06%,51.06%,17.40%,17.40%,57.76%,57.76%,,33.657%,17.400%,33.657%,17.400%,40.333%,17.423%,40.333%,17.423%,,653,653,915,915,,"12,827","8,551","1,603",0,41.65%,41.03%,14.58%,7.29%,25.74%,25.74%,,27.067%,14.581%,33.743%,7.290%,18.450%,7.290%,18.450%,7.290%,,437,656,219,219,,Clock Tower B1,Normal
10167,92,Injustice,478,287,108,Shadow,Undead,Medium,PVP M.DMG Reduction +360,Shoes,,"1,805,261",60.62%,70.91%,17.40%,17.40%,37.86%,37.86%,,43.222%,17.400%,53.509%,17.400%,20.440%,17.423%,20.440%,17.423%,,"1,045","1,568",261,261,,"7,573","11,360","1,229",0,34.36%,48.32%,7.29%,14.58%,25.74%,25.74%,,27.067%,7.290%,33.743%,14.581%,18.450%,7.290%,18.450%,7.290%,,437,656,219,219,,Glast Heim Churchyard,Normal
10138,93,Bathory,485,291,109,Shadow,Demi-Human,Medium,"PVP Final M.DMG Reduction +3.6%
PVP Debuff Duration Reduction +3.6%",Clothes,,"2,596,387",61.77%,72.19%,17.90%,17.90%,38.62%,38.62%,,43.867%,17.900%,54.291%,17.900%,20.720%,17.899%,20.720%,17.899%,,"1,074","1,611",268,268,,"21,123","31,685","1,760",0,34.99%,49.25%,7.49%,14.99%,26.24%,26.24%,,27.500%,7.494%,34.257%,14.989%,18.750%,7.494%,18.750%,7.494%,,450,674,225,225,,Clock Tower 2F,Normal
10187,93,Skeleton Prisoner,388,388,109,Undead,Undead,Medium,PVP DMG Reduction +360,Shoes,,"1,892,907",67.24%,67.24%,17.90%,17.90%,38.62%,38.62%,,49.340%,17.900%,49.340%,17.900%,20.720%,17.899%,20.720%,17.899%,,"1,342","1,342",268,268,,"28,490","18,993",0,"1,283",49.25%,34.99%,14.99%,7.49%,26.24%,26.24%,,34.257%,14.989%,27.500%,7.494%,18.750%,7.494%,18.750%,7.494%,,674,450,225,225,,Glast Heim Prison,Normal
10139,94,Alarm,296,493,111,Neutral,Formless,Medium,Neutral Enhancement +15%,Headgear,,"2,845,267",73.50%,62.93%,18.40%,18.40%,39.44%,39.44%,,55.100%,18.400%,44.533%,18.400%,21.040%,18.400%,21.040%,18.400%,,"1,656","1,104",276,276,,"15,652","23,477",0,"1,918",42.50%,43.30%,7.70%,15.40%,26.75%,26.75%,,34.800%,7.700%,27.900%,15.400%,19.050%,7.700%,19.050%,7.700%,,693,462,231,231,,Clock Tower B2,Normal
10194,94,Abysmal Knight,739,443,166,Shadow,Demi-Human,Large,Final Haste +5%,Weapon,,"2,978,873",68.49%,68.49%,18.40%,18.40%,39.44%,39.44%,,50.091%,18.400%,50.091%,18.400%,21.040%,18.400%,21.040%,18.400%,,"1,380","1,380",276,276,,"32,130","48,196",0,"1,339",42.50%,43.30%,7.70%,15.40%,26.75%,26.75%,,34.800%,7.700%,27.900%,15.400%,19.050%,7.700%,19.050%,7.700%,,693,462,231,231,,Glast Heim Chivalry,Normal
10137,95,Punk,150,250,56,Wind,Plant,Small,"PVP Final P.DMG Reduction +3.6%
 PVP Debuff Duration Reduction +3.6%",Cloak,,"1,548,184",64.06%,74.73%,18.90%,18.90%,40.21%,40.21%,,45.160%,18.900%,55.833%,18.900%,21.320%,18.885%,21.320%,18.885%,,"1,133","1,700",283,283,,"24,935","16,623","2,078",0,44.12%,43.21%,15.82%,7.91%,27.26%,27.26%,,28.300%,15.816%,35.300%,7.908%,19.350%,7.908%,19.350%,7.908%,,474,712,237,237,,Clock Tower 1F,Normal
10170,95,Raydric Archer,400,400,112,Shadow,Demon,Medium,Final Crit +10%,Weapon,,"2,079,900",54.10%,54.10%,18.90%,18.90%,60.91%,60.91%,,35.200%,18.900%,35.200%,18.900%,42.022%,18.885%,42.022%,18.885%,,708,708,991,991,,"12,841","19,261","1,396",0,36.21%,51.12%,7.91%,15.82%,27.26%,27.26%,,28.300%,7.908%,35.300%,15.816%,19.350%,7.908%,19.350%,7.908%,,474,712,237,237,,Glast Heim St. Abbey,Normal
10144,96,Penomena,761,457,171,Poison,Fish,Large,Fire Enhancement +15%,Accessory,,"5,030,652",65.14%,75.97%,19.40%,19.40%,41.02%,41.02%,,45.740%,19.400%,56.567%,19.400%,21.640%,19.375%,21.640%,19.375%,,"1,162","1,744",291,291,,"31,353","47,030","2,361",0,41.29%,58.68%,9.69%,19.38%,31.33%,31.33%,,31.600%,9.687%,39.300%,19.375%,21.640%,9.687%,21.640%,9.687%,,581,872,291,291,,Clock Tower B1,Normal
10175,96,Joker,761,457,171,Wind,Demi-Human,Large,Poison Enhancement +15%,Headgear,,"5,030,652",75.97%,65.14%,19.40%,19.40%,41.02%,41.02%,,56.567%,19.400%,45.740%,19.400%,21.640%,19.375%,21.640%,19.375%,,"1,744","1,162",291,291,,"48,750","73,126",0,"2,240",43.89%,44.97%,8.12%,16.24%,27.82%,27.82%,,35.775%,8.118%,28.733%,16.235%,19.700%,8.118%,19.700%,8.118%,,731,487,244,244,,Clock Tower 2F,Normal
10096,97,Evil Druid,927,309,173,Undead,Undead,Large,Crit DMG Bonus +24%,Weapon,,"5,427,363",66.24%,77.20%,19.90%,19.90%,41.79%,41.79%,,46.340%,19.900%,57.300%,19.900%,21.920%,19.869%,21.920%,19.869%,,"1,192","1,788",298,298,,"131,657","87,772","2,406",0,45.82%,44.58%,16.66%,8.33%,28.33%,28.33%,,29.167%,16.658%,36.250%,8.329%,20.000%,8.329%,20.000%,8.329%,,500,750,250,250,,Clock Tower 1F,Normal
10180,97,Dark Frame,206,206,58,Shadow,Demon,Small,Water Enhancement +15%,Accessory,,"1,809,121",66.24%,77.20%,19.90%,19.90%,41.79%,41.79%,,46.340%,19.900%,57.300%,19.900%,21.920%,19.869%,21.920%,19.869%,,"1,192","1,788",298,298,,"11,806","17,708","2,406",0,37.50%,52.91%,8.33%,16.66%,28.33%,28.33%,,29.167%,8.329%,36.250%,16.658%,20.000%,8.329%,20.000%,8.329%,,500,750,250,250,,Clock Tower B1,Normal
10184,98,Khalitzburg,470,784,175,Undead,Undead,Large,PVP Final P.DMG Bonus +6%,Weapon,,"5,845,740",78.50%,67.38%,20.40%,20.40%,42.64%,42.64%,,58.100%,20.400%,46.980%,20.400%,22.240%,20.404%,22.240%,20.404%,,"1,836","1,224",306,306,,"61,847","41,232",0,"2,577",53.82%,38.15%,17.10%,8.55%,28.79%,28.79%,,36.725%,17.097%,29.600%,8.549%,20.240%,8.549%,20.240%,8.549%,,769,513,256,256,,Clock Tower 2F,Normal
10193,98,Wanderer,209,627,117,Wind,Demon,Medium,"PVP Final M.DMG Reduction +3.6%
 PVP Debuff Resistance +3.6%",Cloak,,"3,897,160",78.50%,67.38%,20.40%,20.40%,42.64%,42.64%,,58.100%,20.400%,46.980%,20.400%,22.240%,20.404%,22.240%,20.404%,,"1,836","1,224",306,306,,"20,719","13,813",0,"2,577",53.82%,38.15%,17.10%,8.55%,28.79%,28.79%,,36.725%,17.097%,29.600%,8.549%,20.240%,8.549%,20.240%,8.549%,,769,513,256,256,,Nightmare Clock Tower,Normal
10141,99,Clock,636,212,118,Earth,Formless,Medium,Holy Enhancement +15%,Headgear,,"4,182,714",58.03%,58.03%,20.90%,20.90%,65.35%,65.35%,,37.125%,20.900%,37.125%,20.900%,44.422%,20.932%,44.422%,20.932%,,785,785,"1,099","1,099",,"24,013","36,019","2,754",0,38.83%,54.80%,8.78%,17.55%,29.30%,29.30%,,30.057%,8.776%,37.250%,17.552%,20.520%,8.776%,20.520%,8.776%,,527,790,263,263,,Clock Tower B2,Normal
10185,99,Zealotus,424,424,118,Neutral,Demi-Human,Medium,Wind Enhance +15%,Accessory,,"4,182,714",79.80%,68.52%,20.90%,20.90%,43.49%,43.49%,,58.900%,20.900%,47.620%,20.900%,22.560%,20.932%,22.560%,20.932%,,"1,884","1,256",314,314,,"26,436","17,624",0,"2,754",54.80%,38.83%,17.55%,8.78%,29.30%,29.30%,,37.250%,17.552%,30.057%,8.776%,20.520%,8.776%,20.520%,8.776%,,790,527,263,263,,Nightmare Clock Tower,Normal
10142,100,Clock Tower Manager,645,645,180,Neutral,Formless,Large,Ghost Enhancement +15%,Headgear,,"6,784,779",59.53%,59.53%,21.70%,21.70%,66.97%,66.97%,,37.825%,21.700%,37.825%,21.700%,45.280%,21.686%,45.280%,21.686%,,813,813,"1,139","1,139",,"50,244","75,366","2,935",0,39.43%,55.76%,9.01%,18.01%,29.81%,29.81%,,30.429%,9.005%,37.750%,18.010%,20.800%,9.005%,20.800%,9.005%,,540,810,270,270,,Clock Tower B2,Normal
10192,100,Phendark,323,968,180,Neutral,Demi-Human,Large,PVP Final M.DMG Bonus +6%,Weapon,,"6,784,779",76.26%,76.26%,21.70%,21.70%,44.69%,44.69%,,54.564%,21.700%,54.564%,21.700%,23.000%,21.686%,23.000%,21.686%,,"1,626","1,626",325,325,,"122,557","81,705",0,"2,935",55.76%,39.43%,18.01%,9.01%,29.81%,29.81%,,37.750%,18.010%,30.429%,9.005%,20.800%,9.005%,20.800%,9.005%,,810,540,270,270,,Nightmare Clock Tower,Normal
10199,101,Raggler,164,273,60,Wind,Brute,Small,"PVP Final Mdmg RED +3.5%
 MaxHP +14%",Shoes,,"2,447,681",72.04%,83.70%,22.50%,22.50%,46.05%,46.05%,,49.540%,22.500%,61.200%,22.500%,23.520%,22.529%,23.520%,22.529%,,"1,352","2,028",338,338,,"32,002","21,335","4,000",0,58.93%,55.53%,23.68%,11.84%,36.04%,36.04%,,35.250%,23.682%,43.689%,11.841%,24.200%,11.841%,24.200%,11.841%,,710,"1,066",355,355,,Sanderman East,Normal
10205,101,Tri Joint,327,109,60,Earth,Insect,Small,"Water attribute enchancement +17.5%
 Wind attribute enchancement +17.5%",Weapon,,"2,447,681",106.53%,96.22%,54.10%,54.10%,38.82%,38.82%,,68.229%,38.300%,57.917%,38.300%,20.800%,18.023%,20.800%,18.023%,,"2,501","1,825",270,270,,"15,891","23,369",0,"4,891",63.06%,66.83%,17.00%,28.20%,46.30%,44.03%,,46.160%,16.900%,38.625%,28.200%,29.400%,16.900%,27.133%,16.900%,,"1,183",845,507,439,,Zenhai Marsh,Normal
10067,102,Shellfish,166,276,61,Water,Fish,Small,"Earth attribute enchancement +17.5%
 Fire attribute enchancement +17.5%",Weapon,,"2,613,990",94.58%,108.49%,57.80%,57.80%,39.63%,39.63%,,57.583%,37.000%,69.186%,39.300%,21.120%,18.509%,21.120%,18.509%,,"1,805","2,568",278,278,,"24,275","16,813","5,175","1,725",68.10%,64.20%,29.00%,17.40%,47.22%,44.88%,,39.200%,28.900%,46.800%,17.400%,29.867%,17.350%,27.533%,17.350%,,868,"1,215",521,451,,Kokomo Beach,Normal
10202,102,Thara Frog,221,663,123,Water,Fish,Medium,"MaxHP +14%
 Final Def +7%",Cloak,,"5,227,980",94.58%,108.49%,57.80%,57.80%,39.63%,39.63%,,57.583%,37.000%,69.186%,39.300%,21.120%,18.509%,21.120%,18.509%,,"1,805","2,568",278,278,,"59,235","87,111","5,175","1,725",56.60%,75.70%,17.00%,28.90%,47.22%,44.88%,,39.200%,17.400%,46.800%,28.900%,29.867%,17.350%,27.533%,17.350%,,868,"1,215",521,451,,Papuchicha Forest,Normal
10062,103,Megalodon,504,840,187,Undead,Undead,Large,"Holy attribute enchancement +17.5%
 Neutral attribute enchancement +17.5%",Weapon,,"8,348,021",96.33%,110.41%,59.30%,59.30%,40.38%,40.38%,,58.333%,38.000%,70.107%,40.300%,21.400%,18.976%,21.400%,18.976%,,"1,850","2,633",285,285,,"154,076","226,583","5,460","1,820",57.55%,77.10%,18.00%,29.70%,48.05%,45.72%,,39.750%,17.800%,47.400%,29.700%,30.257%,17.790%,27.933%,17.790%,,890,"1,245",534,463,,Comodo Cave,Normal
10198,103,Sea Otter,448,448,124,Water,Brute,Medium,"Stun RES +33.6%
 Curse RES +33.6%",Accessory,,"5,565,348",110.41%,99.82%,56.90%,56.90%,40.38%,40.38%,,70.107%,40.300%,59.517%,40.300%,21.400%,18.976%,21.400%,18.976%,,"2,633","1,921",285,285,,"51,413","34,961",0,"5,460",77.10%,57.55%,30.00%,17.80%,48.05%,45.72%,,47.400%,29.700%,39.750%,17.800%,30.257%,17.790%,27.933%,17.790%,,"1,245",890,534,463,,Sanderman East,Normal
10201,104,Stem Worm,341,568,126,Wind,Plant,Medium,"FRZ RES +33.6%
 Blind RES +33.6%",Accessory,,"5,913,731",112.27%,101.59%,58.30%,58.30%,41.13%,41.13%,,70.973%,41.300%,60.292%,41.300%,21.680%,19.448%,21.680%,19.448%,,"2,698","1,969",292,292,,"71,900","48,892",0,"5,752",78.42%,58.47%,30.00%,18.20%,48.86%,46.53%,,48.020%,30.400%,40.267%,18.200%,30.629%,18.230%,28.300%,18.230%,,"1,276",912,547,474,,Papuchicha Forest,Normal
10207,104,Nereid,170,284,63,Earth,Brute,Small,Final Pdmg bonus +14%,Headgear,,"2,956,865",85.87%,85.87%,70.50%,70.50%,51.11%,64.55%,,56.667%,29.200%,56.667%,29.200%,31.657%,19.448%,45.100%,19.448%,,"1,750","1,750",583,"1,130",,"16,949","24,925","5,752","1,917",58.47%,78.42%,18.00%,30.40%,48.86%,46.53%,,40.267%,18.200%,48.020%,30.400%,30.629%,18.230%,28.300%,18.230%,,912,"1,276",547,474,,Zenhai Marsh,Normal
10196,105,Aster,345,115,63,Earth,Fish,Small,"Ghost attribute enchancement +17.5%
 Poison attribute enchancement +17.5%",Weapon,,"3,136,707",87.28%,87.28%,72.20%,72.20%,52.01%,65.58%,,57.383%,29.900%,57.383%,29.900%,32.086%,19.923%,45.660%,19.923%,,"1,793","1,793",598,"1,158",,"28,806","42,362","6,052","2,017",59.46%,79.74%,19.00%,31.10%,49.68%,47.38%,,40.756%,18.700%,48.640%,31.100%,31.000%,18.680%,28.700%,18.680%,,934,"1,307",560,486,,Kokomo Beach,Normal
10209,105,Megalith,690,690,191,Neutral,Formless,Large,PVP Damage RED +420,Cloak,,"9,410,122",114.15%,103.33%,59.80%,59.80%,41.88%,41.88%,,71.853%,42.300%,61.031%,42.300%,21.960%,19.923%,21.960%,19.923%,,"2,764","2,017",299,299,,"134,145","91,219",0,"6,052",79.74%,59.46%,31.00%,18.70%,49.68%,47.38%,,48.640%,31.100%,40.756%,18.700%,31.000%,18.680%,28.700%,18.680%,,"1,307",934,560,486,,Comodo Cave,Normal
10208,106,Alligator,1049,350,194,Water,Brute,Large,Healing Bonus +14%,Headgear,,"9,932,274",115.81%,104.88%,61.00%,61.00%,42.53%,42.53%,,72.613%,43.200%,61.677%,43.200%,22.200%,20.332%,22.200%,20.332%,,"2,821","2,059",305,305,,"78,998","116,173",0,"6,337",68.28%,72.98%,19.00%,31.80%,0.00%,48.09%,,49.180%,19.100%,41.178%,31.800%,0.000%,0.000%,29.033%,19.060%,,"1,334",953,0,496,,Zenhai Marsh,Normal
10210,106,Seal,350,583,129,Water,Brute,Medium,Final P.PEN+14%,Weapon,,"6,621,516",115.81%,104.88%,61.00%,61.00%,42.53%,42.53%,,72.613%,43.200%,61.677%,43.200%,22.200%,20.332%,22.200%,20.332%,,"2,821","2,059",305,305,,"85,018","57,812",0,"6,337",80.98%,60.28%,32.00%,19.10%,50.40%,48.09%,,49.180%,31.800%,41.178%,19.100%,31.343%,19.060%,29.033%,19.060%,,"1,334",953,572,496,,Sanderman East,Normal
10203,107,Galapago,354,590,131,Earth,Brute,Medium,Final Crit +14%,Accessory,,"7,004,055",89.92%,89.92%,75.50%,75.50%,53.64%,67.52%,,58.717%,31.200%,58.717%,31.200%,32.829%,20.816%,46.700%,20.816%,,"1,873","1,873",624,"1,210",,"53,897","79,261","6,651","2,217",61.19%,82.32%,20.00%,32.50%,51.23%,48.92%,,41.689%,19.500%,49.820%,32.500%,31.714%,19.520%,29.400%,19.520%,,976,"1,366",585,507,,Sanderman East,Normal
10204,107,Pest,295,177,65,Shadow,Brute,Small,PVP Magic Damage RED +420,Clothes,,"3,502,027",117.71%,106.63%,62.40%,62.40%,43.30%,43.30%,,73.507%,44.200%,62.431%,44.200%,22.480%,20.816%,22.480%,20.816%,,"2,888","2,108",312,312,,"25,866","17,589",0,"6,651",82.32%,61.19%,33.00%,19.50%,51.23%,48.92%,,49.820%,32.500%,41.689%,19.500%,31.714%,19.520%,29.400%,19.520%,,"1,366",976,585,507,,Papuchicha Forest,Normal
10200,108,Anolian,478,478,132,Water,Fish,Medium,"Max HP +14%
 Final MDEF +7%",Clothes,,"7,398,718",119.71%,108.48%,63.90%,63.90%,44.11%,44.11%,,74.413%,45.300%,63.185%,45.300%,22.800%,21.305%,22.800%,21.305%,,"2,956","2,157",320,320,,"35,566","52,302",0,"6,974",70.42%,75.50%,20.00%,33.30%,52.08%,49.77%,,50.418%,20.000%,42.200%,33.300%,32.114%,19.970%,29.800%,19.970%,,"1,398",999,599,519,,Zenhai Marsh,Normal
10206,108,Rogue,478,478,132,Neutral,Demi-Human,Medium,"Final Crit +7%
 Crit DMG +14%",Headgear,,"7,398,718",119.71%,108.48%,63.90%,63.90%,44.11%,44.11%,,74.413%,45.300%,63.185%,45.300%,22.800%,21.305%,22.800%,21.305%,,"2,956","2,157",320,320,,"43,469","63,925",0,"6,974",70.42%,75.50%,20.00%,33.30%,52.08%,49.77%,,50.418%,20.000%,42.200%,33.300%,32.114%,19.970%,29.800%,19.970%,,"1,398",999,599,519,,Papuchicha Forest,Normal
10197,109,Crab,242,242,67,Water,Fish,Small,Final M.PEN +14%,Weapon,,"3,902,883",92.88%,92.88%,79.00%,79.00%,55.48%,69.64%,,60.185%,32.700%,60.185%,32.700%,33.686%,21.798%,47.840%,21.798%,,"1,962","1,962",654,"1,267",,"27,317","40,172","7,304","2,435",63.11%,85.10%,20.00%,34.10%,52.95%,50.61%,,42.711%,20.400%,51.000%,34.100%,32.514%,20.440%,30.171%,20.440%,,"1,022","1,430",613,531,,Kokomo Beach,Normal
10212,109,Gargoyle,484,484,134,Wind,Demon,Medium,Physical Reflect +14%,Accessory,,"7,805,766",92.88%,92.88%,79.00%,79.00%,55.48%,69.64%,,60.185%,32.700%,60.185%,32.700%,33.686%,21.798%,47.840%,21.798%,,"1,962","1,962",654,"1,267",,"42,217","62,084","7,304","2,435",63.11%,85.10%,20.00%,34.10%,61.45%,51.74%,,42.711%,20.400%,51.000%,34.100%,61.446%,0.000%,30.171%,21.567%,,"1,022","1,430","2,044",531,,Comodo Cave,Normal
10077,110,Merman,613,368,136,Water,Demi-Human,Medium,"PVP Final Pdmg RED +3.5%
 MaxHP +14%",Shoes,,"8,306,336",116.03%,116.03%,70.40%,70.40%,46.03%,46.03%,,71.027%,45.000%,71.027%,45.000%,23.520%,22.514%,23.520%,22.514%,,"2,702","2,702",338,338,,"59,168","40,234",0,"7,718",87.05%,64.54%,35.00%,21.10%,54.20%,51.80%,,51.855%,35.200%,43.444%,21.100%,33.086%,21.110%,30.686%,21.110%,,"1,477","1,055",633,549,,Kokomo Beach,Normal
10211,110,Stalactic Golem,368,1103,204,Neutral,Formless,Large,Final Mdmg Bonus +14%,Headgear,,"12,459,505",124.35%,112.87%,67.50%,67.50%,46.03%,46.03%,,76.550%,47.800%,65.071%,47.800%,23.520%,22.514%,23.520%,22.514%,,"3,124","2,280",338,338,,"110,207","162,069",0,"7,718",72.95%,78.64%,21.00%,35.20%,54.20%,51.80%,,51.855%,21.100%,43.444%,35.200%,33.086%,21.110%,30.686%,21.110%,,"1,477","1,055",633,549,,Comodo Cave,Normal
10217,111,Beetle King,248,248,69,Earth,Insect,Small,"P.DMG Bonus +1920 
PVP P.DMG Bonus +240",Weapon,,"4,155,859",133.24%,82.24%,62.90%,62.90%,90.89%,48.05%,,78.538%,54.700%,54.836%,27.400%,47.120%,43.767%,26.167%,21.884%,,"3,283","1,641","1,231",410,,"53,260","36,217","5,113","2,556",88.12%,39.87%,14.00%,27.40%,65.38%,57.58%,,47.120%,41.000%,26.167%,13.700%,38.025%,27.350%,30.229%,27.350%,,"1,231",410,821,533,,Kalala Swamp,Normal
10225,111,Choco,310,186,69,Fire,Brute,Small,"Bonus DMG to Brute +12%
P.DMG RED +1536",Cloak,,"4,155,859",108.67%,108.67%,62.90%,62.90%,90.89%,48.05%,,67.671%,41.000%,67.671%,41.000%,47.120%,43.767%,26.167%,21.884%,,"2,462","2,462","1,231",410,,"63,912","43,460","5,113","2,556",88.12%,39.87%,14.00%,27.40%,65.38%,57.58%,,47.120%,41.000%,26.167%,13.700%,38.025%,27.350%,30.229%,27.350%,,"1,231",410,821,533,,Luluka Forest,Normal
10221,112,Hell Poodle,251,251,70,Shadow,Demon,Small,P.ATK +16%,Headgear,,"4,372,444",110.47%,110.47%,64.30%,64.30%,92.44%,48.88%,,68.471%,42.000%,68.471%,42.000%,47.680%,44.764%,26.500%,22.382%,,"2,518","2,518","1,259",420,,"24,829","36,513","2,672","5,343",40.50%,89.68%,28.00%,14.00%,66.46%,58.58%,,26.500%,14.000%,47.680%,42.000%,38.475%,27.980%,30.600%,27.980%,,420,"1,259",839,546,,Realm of the Dead,Normal
10236,112,Wooden Golem,377,1130,209,Earth,Plant,Large,"HP Regen per 5s +2.4%
PVP Final P.DMG RED +5.6%",Clothes,,"13,117,331",135.46%,83.48%,64.30%,64.30%,92.44%,48.88%,,79.463%,56.000%,55.483%,28.000%,47.680%,44.764%,26.500%,22.382%,,"3,357","1,679","1,259",420,,"148,064","217,742","2,672","5,343",40.50%,89.68%,28.00%,14.00%,66.46%,58.58%,,26.500%,14.000%,47.680%,42.000%,38.475%,27.980%,30.600%,27.980%,,420,"1,259",839,546,,Hoomga Jungle,Normal
10223,113,Ragged Zombie,635,381,141,Undead,Undead,Medium,M.ATK +16%,Headgear,,"9,191,189",137.59%,84.70%,65.80%,65.80%,94.01%,49.68%,,80.388%,57.200%,56.100%,28.600%,48.240%,45.768%,26.800%,22.884%,,"3,433","1,716","1,287",429,,"136,691","92,950","5,579","2,790",91.14%,41.10%,14.00%,28.60%,67.55%,59.54%,,48.240%,42.900%,26.800%,14.300%,38.950%,28.600%,30.943%,28.600%,,"1,287",429,858,558,,Nameless Island,Normal
10228,113,Dullahan,508,508,141,Undead,Undead,Medium,"M.DMG Bonus +1920
PVP M.DMG Bonus +240",Weapon,,"9,191,189",84.70%,84.70%,65.80%,65.80%,67.56%,84.71%,,56.100%,28.600%,56.100%,28.600%,38.950%,28.605%,56.100%,28.605%,,"1,716","1,716",858,"1,716",,"80,201","54,537","5,579","2,790",91.14%,41.40%,14.00%,28.60%,67.55%,59.54%,,48.240%,42.900%,26.800%,14.600%,38.950%,28.600%,30.943%,28.600%,,"1,287",429,858,558,,Vally of Gyoll,Normal
10224,114,Wootan Fighter,1157,386,214,Fire,Demi-Human,Large,"Bonus DMG to Fire Attrb Monster +12%
Bonus DMG to Poison Attrb Monster +12%",Accessory,,"14,497,476",139.94%,86.08%,67.30%,67.30%,95.71%,50.56%,,81.341%,58.600%,56.783%,29.300%,48.860%,46.848%,27.133%,23.424%,,"3,514","1,757","1,318",439,,"195,278","132,789","5,829","2,915",92.76%,41.73%,15.00%,29.30%,68.73%,60.59%,,48.860%,43.900%,27.133%,14.600%,39.450%,29.280%,31.314%,29.280%,,"1,318",439,878,571,,Kalala Swamp,Normal
10232,114,Dragon Tail,386,643,143,Wind,Insect,Medium,"Bonus DMG to Insect +12%
M.DMG RED +1536",Cloak,,"9,664,984",139.94%,86.08%,67.30%,67.30%,95.71%,50.56%,,81.341%,58.600%,56.783%,29.300%,48.860%,46.848%,27.133%,23.424%,,"3,514","1,757","1,318",439,,"42,611","62,664","2,915","5,829",41.73%,92.76%,29.00%,14.60%,68.73%,60.59%,,27.133%,14.600%,48.860%,43.900%,39.450%,29.280%,31.314%,29.280%,,439,"1,318",878,571,,Luluka Forest,Normal
10214,115,Medusa,260,260,72,Neutral,Demon,Small,"Petrify RES +36%
Max HP +12.8%",Shoes,,"5,069,494",115.81%,115.81%,68.80%,68.80%,97.29%,51.40%,,70.907%,44.900%,70.907%,44.900%,49.420%,47.870%,27.467%,23.935%,,"2,693","2,693","1,346",449,,"59,227","87,098","3,038","6,077",42.47%,94.32%,30.00%,15.00%,69.87%,61.58%,,27.467%,15.000%,49.420%,44.900%,39.950%,29.920%,31.657%,29.920%,,449,"1,346",898,583,,Realm of the Dead,Normal
10233,115,Dryad,650,390,144,Earth,Plant,Medium,Final P.PEN +16%,Headgear,,"10,138,987",87.32%,142.04%,68.80%,68.80%,97.29%,51.40%,,57.417%,29.900%,82.235%,59.800%,49.420%,47.870%,27.467%,23.935%,,"1,795","3,590","1,346",449,,"130,161","191,414","3,038","6,077",42.47%,94.32%,30.00%,15.00%,69.87%,61.58%,,27.467%,15.000%,49.420%,44.900%,39.950%,29.920%,31.657%,29.920%,,449,"1,346",898,583,,Hoomga Jungle,Normal
10226,116,Gibbet,395,1184,219,Shadow,Demon,Large,"Bonus DMG to Water Attrb Monster +12%
Bonus DMG to Holy Attrb Monster +12%",Accessory,,"15,940,310",144.24%,88.67%,70.30%,70.30%,98.90%,52.22%,,83.141%,61.100%,58.067%,30.600%,50.000%,48.899%,27.767%,24.449%,,"3,667","1,834","1,375",458,,"170,018","250,027","3,165","6,330",43.07%,95.80%,31.00%,15.30%,70.94%,62.59%,,27.767%,15.300%,50.000%,45.800%,40.378%,30.560%,32.029%,30.560%,,458,"1,375",917,596,,Vally of Gyoll,Normal
10231,116,Banshee,658,395,146,Shadow,Demon,Medium,"Bonus DMG to Wind Attrb Monster +12%
Bonus DMG to Shadow Attrb Monster +12%",Accessory,,"10,626,873",117.48%,117.48%,70.30%,70.30%,98.90%,52.22%,,71.680%,45.800%,71.680%,45.800%,50.000%,48.899%,27.767%,24.449%,,"2,751","2,751","1,375",458,,"31,206","45,891","3,165","6,330",43.07%,95.80%,31.00%,15.30%,70.94%,62.59%,,27.767%,15.300%,50.000%,45.800%,40.378%,30.560%,32.029%,30.560%,,458,"1,375",917,596,,Nameless Island,Normal
10229,117,Parasite,532,532,148,Wind,Plant,Medium,"Bonus DMG to Earth Attrb Monster +12%
Bonus DMG to Ghost Attrb Monster +12%",Accessory,,"11,128,887",119.25%,119.25%,71.80%,71.80%,100.46%,53.07%,,72.453%,46.800%,72.453%,46.800%,50.527%,49.936%,28.100%,24.968%,,"2,809","2,809","1,404",468,,"48,164","70,829","3,294","6,589",43.70%,97.33%,31.00%,15.60%,72.01%,63.61%,,28.100%,15.600%,50.527%,46.800%,40.800%,31.210%,32.400%,31.210%,,468,"1,404",936,609,,Luluka Forest,Normal
10234,117,Stone Shooter,599,998,221,Fire,Plant,Large,Final P.DMG Bonus +16%,Weapon,,"16,693,331",146.46%,89.92%,71.80%,71.80%,100.46%,53.07%,,84.059%,62.400%,58.717%,31.200%,50.527%,49.936%,28.100%,24.968%,,"3,745","1,873","1,404",468,,"396,971","269,940","6,589","3,294",97.33%,43.70%,16.00%,31.20%,72.01%,63.61%,,50.527%,46.800%,28.100%,15.600%,40.800%,31.210%,32.400%,31.210%,,"1,404",468,936,609,,Hoomga Jungle,Normal
10220,118,Wootan Shooter,538,538,150,Earth,Demi-Human,Medium,Final M.PEN +16%,Headgear,,"11,662,328",148.84%,91.32%,73.40%,73.40%,102.16%,53.99%,,85.044%,63.800%,59.417%,31.900%,51.109%,51.055%,28.467%,25.527%,,"3,829","1,915","1,436",479,,"90,942","61,840","6,864","3,432",99.01%,44.47%,16.00%,31.90%,73.18%,64.68%,,51.109%,47.900%,28.467%,16.000%,41.267%,31.910%,32.771%,31.910%,,"1,436",479,957,622,,Kalala Swamp,Normal
10235,118,Driller,404,135,74,Earth,Brute,Small,"Final M.PEN +8%
Magic Lifesteal +8%",Weapon,,"5,831,164",121.19%,121.19%,73.40%,73.40%,102.16%,53.99%,,73.293%,47.900%,73.293%,47.900%,51.109%,51.055%,28.467%,25.527%,,"2,872","2,872","1,436",479,,"50,561","74,355","3,432","6,864",44.47%,99.01%,32.00%,16.00%,73.18%,64.68%,,28.467%,16.000%,51.109%,47.900%,41.267%,31.910%,32.771%,31.910%,,479,"1,436",957,622,,Hoomga Jungle,Normal
10219,119,Flame Skull,408,136,76,Ghost,Demon,Small,"Final P.DMG RED +8%
P.DMG Reflect +8%",Weapon,,"6,097,059",92.66%,151.02%,74.90%,74.90%,103.76%,54.85%,,60.062%,32.600%,85.922%,65.100%,51.655%,52.108%,28.800%,26.054%,,"1,954","3,908","1,466",489,,"39,217","57,671","3,567","7,135",45.10%,100.55%,33.00%,16.30%,74.28%,65.71%,,28.800%,16.300%,51.655%,48.900%,41.711%,32.570%,33.143%,32.570%,,489,"1,466",977,635,,Nameless Island,Normal
10230,119,Loli Ruri,816,816,227,Shadow,Demon,Large,"HP Regen per 5s +2.4%
PVP M.DMG RED +5.6%",Clothes,,"18,291,178",151.02%,92.66%,74.90%,74.90%,103.76%,54.85%,,85.922%,65.100%,60.062%,32.600%,51.655%,52.108%,28.800%,26.054%,,"3,908","1,954","1,466",489,,"197,700","290,736","3,567","7,135",45.10%,100.55%,33.00%,16.30%,74.28%,65.71%,,28.800%,16.300%,51.655%,48.900%,41.711%,32.570%,33.143%,32.570%,,489,"1,466",977,635,,Realm of the Dead,Normal
10215,120,Bloody Murderer,825,825,230,Shadow,Demi-Human,Large,"Crit DMG Bonus +16%
Physical Lifesteal +8%",Weapon,,"19,272,228",94.44%,94.44%,77.10%,77.10%,75.84%,94.45%,,60.938%,33.500%,60.938%,33.500%,42.333%,33.511%,60.938%,33.511%,,"2,011","2,011","1,005","2,011",,"250,383","170,261","7,474","3,737",102.72%,46.07%,17.00%,33.50%,75.84%,67.17%,,52.418%,50.300%,29.267%,16.800%,42.333%,33.510%,33.657%,33.510%,,"1,508",503,"1,005",653,,Vally of Gyoll,Normal
10227,120,Zombie Slaughter,550,550,153,Undead,Undead,Medium,"Bonus DMG to Undead +12%
P.DMG RED +1536",Shoes,,"12,848,152",94.44%,94.44%,77.10%,77.10%,75.84%,94.45%,,60.938%,33.500%,60.938%,33.500%,42.333%,33.511%,60.938%,33.511%,,"2,011","2,011","1,005","2,011",,"63,530","43,200","7,474","3,737",102.72%,46.07%,17.00%,33.50%,75.84%,67.17%,,52.418%,50.300%,29.267%,16.800%,42.333%,33.510%,33.657%,33.510%,,"1,508",503,"1,005",653,,Nameless Island,Normal
,121,Breeze,419,698,154,Wind,Formless,Medium,"Max HP +20%
Holy Attribute Reduction +37.5%",Clothes,,"12,812,463",123.19%,123.19%,75.10%,75.10%,103.95%,54.95%,,74.19%,49.00%,74.19%,49.00%,51.71%,52.24%,28.83%,26.12%,,"2,939","2,939","1,469",490,,,,,,,,,,,,,,,,,,,,,,,,,,,Mineta Island,Normal
,121,Demon Pungus,279,279,77,Poison,Demon,Small,"Max HP +20%
Fire Attribute Reduction +37.5%",Cloak,,"6,406,232",151.33%,92.84%,75.10%,75.10%,103.95%,54.95%,,86.03%,65.30%,60.14%,32.70%,51.71%,52.24%,28.83%,26.12%,,"3,918","1,959","1,469",490,,,,,,,,,,,,,,,,,,,,,,,,,,,Border Inspection Station,Normal
,122,Marin,566,566,156,Water,Plant,Medium,"Max HP +20%
Neutral Attribute Reduction +37.5%",Clothes,,"13,367,085",124.86%,124.86%,76.60%,76.60%,105.51%,55.77%,,74.96%,49.90%,74.96%,49.90%,52.24%,53.27%,29.13%,26.64%,,"2,997","2,997","1,498",499,,,,,,,,,,,,,,,,,,,,,,,,,,,Mineta Island,Normal
,122,Menblatt,566,566,156,Wind,Insect,Medium,"P.DMG Bonus% +34%
(Not Final P.DMG Bonus)",Weapon,,"13,367,085",153.49%,94.04%,76.60%,76.60%,105.51%,55.77%,,86.89%,66.60%,60.74%,33.30%,52.24%,53.27%,29.13%,26.64%,,"3,995","1,998","1,498",499,,,,,,,,,,,,,,,,,,,,,,,,,,,El Mes Gorge,Normal
,123,Geographer,287,861,158,Earth,Plant,Medium,"Max HP +20%
Wind Attribute Reduction +37.5%",Shoes,,"13,942,185",155.68%,95.35%,78.10%,78.10%,107.12%,56.63%,,87.78%,67.90%,61.35%,34.00%,52.78%,54.33%,29.47%,27.17%,,"4,075","2,038","1,528",509,,,,,,,,,,,,,,,,,,,,,,,,,,,Border Inspection Station,Normal
,123,Brown Venatu,574,574,158,Neutral,Formless,Medium,Bonus DMG to Medium +25%,Weapon,,"13,942,185",95.35%,95.35%,78.10%,78.10%,76.60%,95.31%,,61.35%,34.00%,61.35%,34.00%,42.64%,33.96%,61.35%,33.96%,,"2,038","2,038","1,019","2,038",,,,,,,,,,,,,,,,,,,,,,,,,,,Juperos Ruins F2,Normal
,124,Rafflesia,291,291,80,Earth,Plant,Small,"Max HP +20%
Poison Attribute Reduction +37.5%",Cloak,,"7,269,212",157.99%,96.57%,79.70%,79.70%,108.77%,57.55%,,88.69%,69.30%,61.97%,34.60%,53.35%,55.42%,29.83%,27.71%,,"4,157","2,078","1,559",520,,,,,,,,,,,,,,,,,,,,,,,,,,,Mineta Island,Normal
,124,Sleeper,728,437,160,Earth,Formless,Medium,"M.DMG Bonus% +34%
(Not Final M.DMG Bonus)",Weapon,,"14,538,424",157.99%,96.57%,79.70%,79.70%,108.77%,57.55%,,88.69%,69.30%,61.97%,34.60%,53.35%,55.42%,29.83%,27.71%,,"4,157","2,078","1,559",520,,,,,,,,,,,,,,,,,,,,,,,,,,,El Mes Gorge,Normal
,125,Grand Peco,885,885,243,Fire,Brute,Large,"Max HP +20%
Ghost Attribute Reduction +37.5%",Shoes,,"22,726,306",160.30%,97.92%,81.20%,81.20%,110.43%,58.40%,,89.60%,70.70%,62.62%,35.30%,53.91%,56.52%,30.14%,28.26%,,"4,239","2,120","1,590",530,,,,,,,,,,,,,,,,,,,,,,,,,,,Border Inspection Station,Normal
,125,Tempest Dimik,738,443,162,Wind,Formless,Medium,"Debuff Duration RED +12.5%
Final M.DMG RED +10%",Accessory,,"15,150,871",97.92%,160.30%,81.20%,81.20%,110.43%,58.40%,,62.62%,35.30%,89.60%,70.70%,53.91%,56.52%,30.14%,28.26%,,"2,120","4,239","1,590",530,,,,,,,,,,,,,,,,,,,,,,,,,,,Kiel Khayr's Academy,Normal
,126,Goat,598,598,163,Fire,Brute,Medium,P.ATK% +20%,Weapon,,"15,779,792",162.49%,99.25%,82.80%,82.80%,112.10%,59.24%,,90.49%,72.00%,63.25%,36.00%,54.47%,57.63%,30.43%,28.81%,,"4,322","2,161","1,621",540,,,,,,,,,,,,,,,,,,,,,,,,,,,El Mes Gorge,Normal
,126,Blue Venatu,897,299,163,Water,Formless,Medium,Bonus DMG to Small +25%,Weapon,,"15,779,792",99.25%,99.25%,82.80%,82.80%,80.04%,99.26%,,63.25%,36.00%,63.25%,36.00%,44.02%,36.02%,63.25%,36.02%,,"2,161","2,161","1,081","2,161",,,,,,,,,,,,,,,,,,,,,,,,,,,Juperos Ruins F2,Normal
,126,Cursed Grave Keeper,449,1346,245,Undead,Undead,Large,Bonus DMG to Large +25%,Weapon,,"23,669,688",162.49%,99.25%,82.80%,82.80%,112.10%,59.24%,,90.49%,72.00%,63.25%,36.00%,54.47%,57.63%,30.43%,28.81%,,"4,322","2,161","1,621",540,,,,,,,,,,,,,,,,,,,,,,,,,,,El Mes Gorge,Normal
,127,Orange Venatu,455,758,165,Earth,Formless,Medium,"Debuff RES PEN +12.5%
Final P.DMG Bonus +10%",Accessory,,"16,425,456",164.78%,100.59%,84.40%,84.40%,113.78%,60.11%,,91.38%,73.40%,63.89%,36.70%,55.03%,58.74%,30.74%,29.37%,,"4,406","2,203","1,652",551,,,,,,,,,,,,,,,,,,,,,,,,,,,Juperos Ruins F2,Normal
,127,Sundering Dimik,606,606,165,Earth,Formless,Medium,"Poison Enhance +25%
Ghost Enhance +25%",Headgear,,"16,425,456",100.59%,164.78%,84.40%,84.40%,113.78%,60.11%,,63.89%,36.70%,91.38%,73.40%,55.03%,58.74%,30.74%,29.37%,,"2,203","4,406","1,652",551,,,,,,,,,,,,,,,,,,,,,,,,,,,Kiel Khayr's Academy,Normal
,128,Harpy,614,614,167,Wind,Demon,Medium,M.ATK% +20%,Weapon,,"17,088,134",101.94%,101.94%,86.10%,86.10%,82.35%,101.95%,,64.54%,37.40%,64.54%,37.40%,44.93%,37.42%,64.54%,37.42%,,"2,245","2,245","1,122","2,245",,,,,,,,,,,,,,,,,,,,,,,,,,,Juperos Ruins F1,Normal
,128,Fiery Dimik,307,921,167,Fire,Formless,Medium,"Fire Enhance +25%
Earth Enhance +25%",Headgear,,"17,088,134",101.94%,167.06%,86.10%,86.10%,115.43%,60.96%,,64.54%,37.40%,92.26%,74.80%,55.57%,59.86%,31.03%,29.93%,,"2,245","4,490","1,684",561,,,,,,,,,,,,,,,,,,,,,,,,,,,Kiel Khayr's Academy,Normal
,129,Green Venatu,622,622,169,Wind,Formless,Medium,"Debuff RES PEN +12.5%
Final M.DMG Bonus +10%",Accessory,,"17,768,099",169.36%,103.27%,87.70%,87.70%,117.08%,61.84%,,93.16%,76.20%,65.17%,38.10%,56.08%,61.00%,31.34%,30.50%,,"4,575","2,287","1,715",572,,,,,,,,,,,,,,,,,,,,,,,,,,,Juperos Ruins F2,Normal
,129,Frost Dimik,622,622,169,Water,Formless,Medium,"Water Enhance +25%
Wind Enhance +25%",Headgear,,"17,768,099",103.27%,169.36%,87.70%,87.70%,117.08%,61.84%,,65.17%,38.10%,93.16%,76.20%,56.08%,61.00%,31.34%,30.50%,,"2,287","4,575","1,715",572,,,,,,,,,,,,,,,,,,,,,,,,,,,Kiel Khayr's Academy,Normal
,130,Archdam,1418,473,256,Neutral,Demi-Human,Large,"Debuff Duration RED +12.5%
Final P.DMG RED +10%",Accessory,,"27,698,438",104.59%,104.59%,89.30%,89.30%,84.63%,104.62%,,65.79%,38.80%,65.79%,38.80%,45.80%,38.83%,65.79%,38.83%,,"2,330","2,330","1,165","2,330",,,,,,,,,,,,,,,,,,,,,,,,,,,Juperos Ruins F1,Normal
,130,Apocalypse,945,945,256,Neutral,Formless,Large,"Holy Enhance +25%
Neutral Enhance +25%",Headgear,,"27,698,438",171.75%,104.59%,89.30%,89.30%,118.77%,62.72%,,94.05%,77.70%,65.79%,38.80%,56.63%,62.13%,31.66%,31.07%,,"4,660","2,330","1,748",583,,,,,,,,,,,,,,,,,,,,,,,,,,,Juperos Ruins F1,Normal
,130,Nightmare Evil Druid,473,1418,256,Undead,Undead,Large,"Shadow Enhance +25%
Undead Enhance +25%",Headgear,,"27,698,438",171.75%,104.59%,89.30%,89.30%,118.77%,62.72%,,94.05%,77.70%,65.79%,38.80%,56.63%,62.13%,31.66%,31.07%,,"4,660","2,330","1,748",583,,,,,,,,,,,,,,,,,,,,,,,,,,,Border Inspection Station,Normal
,131,Metaling,239,399,86,Neutral,Formless,Small,"Max HP +23%
PVP Final P.DMG RED +6.9%",Clothes,,"9,310,000",138.66%,138.66%,88.00%,88.00%,117.30%,61.46%,,80.66%,58.00%,80.66%,58.00%,56.30%,61.00%,31.46%,30.00%,,"3,456","3,456","1,728",576,,,,,,,,,,,,,,,,,,,,,,,,,,,,Normal
,131,Noxious,479,798,172,Ghost,Formless,Medium,"Final P.DMG Bonus +11.5%
P.ATK +11.5%",Weapon,,"18,600,000",170.51%,103.41%,88.00%,88.00%,117.30%,61.46%,,93.51%,77.00%,65.41%,38.00%,56.30%,61.00%,31.46%,30.00%,,"4,608","2,304","1,728",576,,,,,,,,,,,,,,,,,,,,,,,,,,,,Normal
,132,Porcellio,162,485,87,Earth,Insect,Small,"Max HP +23%
PVP Final M.DMG RED +6.9%",Clothes,,"9,670,000",140.41%,140.41%,90.00%,90.00%,119.83%,61.77%,,81.41%,59.00%,81.41%,59.00%,56.83%,63.00%,31.77%,30.00%,,"3,520","3,520","1,760",587,,,,,,,,,,,,,,,,,,,,,,,,,,,,Normal
,132,Blazzer,485,808,174,Fire,Demon,Medium,"Immobilize RES +34.5%
PVP Debuff RES +6.9",Accessory,,"19,300,000",172.40%,105.01%,90.00%,90.00%,119.83%,61.77%,,94.40%,78.00%,66.01%,39.00%,56.83%,63.00%,31.77%,30.00%,,"4,693","2,346","1,760",587,,,,,,,,,,,,,,,,,,,,,,,,,,,,Normal
,133,Venomous,818,491,176,Poison,Formless,Medium,"Final M.DMG Bonus +11.5%
M.ATK +11.5%",Weapon,,"20,100,000",175.28%,106.63%,92.00%,92.00%,121.37%,62.06%,,95.28%,80.00%,66.63%,40.00%,57.37%,64.00%,32.06%,30.00%,,"4,778","2,389","1,792",597,,,,,,,,,,,,,,,,,,,,,,,,,,,,Normal
,133,Explosion,164,491,88,Fire,Brute,Small,"Stun RES +34.5%
PVP Debuff RES +6.9",Accessory,,"10,000,000",175.28%,106.63%,92.00%,92.00%,121.37%,62.06%,,95.28%,80.00%,66.63%,40.00%,57.37%,64.00%,32.06%,30.00%,,"4,778","2,389","1,792",597,,,,,,,,,,,,,,,,,,,,,,,,,,,,Normal
,134,Mole,497,166,89,Earth,Brute,Small,"Max HP +23%
Shadow Attribute RES +43.1%",Cloak,,"10,400,000",177.15%,108.24%,93.00%,93.00%,122.90%,62.37%,,96.15%,81.00%,67.24%,41.00%,57.90%,65.00%,32.37%,30.00%,,"4,865","2,432","1,824",608,,,,,,,,,,,,,,,,,,,,,,,,,,,,Normal
,134,Obsidian,248,414,89,Earth,Formless,Small,"Final M.DMG Bonus +11.5%
Final M.PEN +11.5%",Weapon,,"10,400,000",177.15%,108.24%,93.00%,93.00%,122.90%,62.37%,,96.15%,81.00%,67.24%,41.00%,57.90%,65.00%,32.37%,30.00%,,"4,865","2,432","1,824",608,,,,,,,,,,,,,,,,,,,,,,,,,,,,Normal
,135,Ungoliant,1256,754,270,Poison,Insect,Large,"HP Regen per 5s +5.8%
Final P.DEF +11.5%",Cloak,,"32,400,000",180.02%,108.87%,95.00%,95.00%,124.45%,62.69%,,97.02%,83.00%,67.87%,41.00%,58.45%,66.00%,32.69%,30.00%,,"4,952","2,476","1,857",619,,,,,,,,,,,,,,,,,,,,,,,,,,,,Normal
,135,Diabolic,419,251,90,Shadow,Demon,Small,"Final P.DMG Bonus +11.5%
P.ATK +11.5%",Headgear,,"10,800,000",108.87%,180.02%,95.00%,95.00%,124.45%,62.69%,,67.87%,41.00%,97.02%,83.00%,58.45%,66.00%,32.69%,30.00%,,"2,476","4,952","1,857",619,,,,,,,,,,,,,,,,,,,,,,,,,,,,Normal
,136,Hopping Deleter,339,1017,182,Fire,Dragon,Medium,"HP Regen per 5s +5.8%
Reduce DMG from Insect +14.4%",Shoes,,"22,400,000",181.89%,110.50%,97.00%,97.00%,126.00%,63.00%,,97.89%,84.00%,68.50%,42.00%,59.00%,67.00%,33.00%,30.00%,,"5,039","2,520","1,890",630,,,,,,,,,,,,,,,,,,,,,,,,,,,,Normal
,136,Mineral,339,339,91,Neutral,Formless,Small,"Final Haste +5.8%
P.ATK +11.5%",Weapon,,"11,200,000",110.50%,110.50%,97.00%,97.00%,89.70%,108.50%,,68.50%,42.00%,68.50%,42.00%,47.70%,42.00%,68.50%,40.00%,,"2,520","2,520","1,260","2,520",,,,,,,,,,,,,,,,,,,,,,,,,,,,Normal
,137,Gig,515,172,92,Fire,Brute,Small,"Slow RES +34.5%
PVP Debuff RES +6.9",Accessory,,"11,600,000",112.13%,112.13%,98.00%,98.00%,91.14%,109.13%,,69.13%,43.00%,69.13%,43.00%,48.14%,43.00%,69.13%,40.00%,,"2,564","2,564","1,282","2,564",,,,,,,,,,,,,,,,,,,,,,,,,,,,Normal
,137,Grizzly,1029,1029,276,Fire,Brute,Large,"Final M.DMG Bonus +11.5%
M.ATK +11.5%",Headgear,,"34,800,000",184.77%,112.13%,98.00%,98.00%,127.55%,63.31%,,98.77%,86.00%,69.13%,43.00%,59.55%,68.00%,33.31%,30.00%,,"5,127","2,564","1,923",641,,,,,,,,,,,,,,,,,,,,,,,,,,,,Normal
,138,Pitman,521,1562,279,Earth,Undead,Large,"Final P.DMG Bonus +11.5%
Final P.PEN +11.5%",Weapon,,"36,000,000",186.66%,113.76%,100.00%,100.00%,130.09%,63.63%,,99.66%,87.00%,69.76%,44.00%,60.09%,70.00%,33.63%,30.00%,,"5,216","2,608","1,956",652,,,,,,,,,,,,,,,,,,,,,,,,,,,,Normal
,138,Waste Stove,1301,781,279,Neutral,Formless,Large,"Final Haste +5.8%
M.ATK +11.5%",Weapon,,"36,000,000",113.76%,113.76%,100.00%,100.00%,91.58%,109.76%,,69.76%,44.00%,69.76%,44.00%,48.58%,43.00%,69.76%,40.00%,,"2,608","2,608","1,304","2,608",,,,,,,,,,,,,,,,,,,,,,,,,,,,Normal
,139,Winged Deleter,702,702,188,Fire,Dragon,Medium,"HP Regen per 5s +5.8%
Reduce DMG from Demon +14.4%",Shoes,,"24,900,000",188.54%,114.36%,102.00%,102.00%,131.60%,73.94%,,100.54%,88.00%,70.36%,44.00%,60.60%,71.00%,33.94%,40.00%,,"5,304","2,652","1,989",663,,,,,,,,,,,,,,,,,,,,,,,,,,,,Normal
,139,Lava Golem,527,1580,282,Fire,Formless,Large,"Final Haste +5.8%
Final P.DMG Bonus +11.5%",Headgear,,"37,300,000",152.70%,152.70%,102.00%,102.00%,131.60%,73.94%,,86.70%,66.00%,86.70%,66.00%,60.60%,71.00%,33.94%,40.00%,,"3,978","3,978","1,989",663,,,,,,,,,,,,,,,,,,,,,,,,,,,,Normal
,140,Teddy Bear,533,178,95,Neutral,Formless,Small,"Bleed RES +34.5%
PVP Debuff RES +6.9",Accessory,,"12,900,000",115.95%,115.95%,103.00%,103.00%,94.46%,110.95%,,70.95%,45.00%,70.95%,45.00%,49.46%,45.00%,70.95%,40.00%,,"2,696","2,696","1,348","2,696",,,,,,,,,,,,,,,,,,,,,,,,,,,,Normal
,140,Nightmare Terror,1598,533,285,Shadow,Demon,Large,"Final Haste +5.8%
Final M.DMG Bonus +11.5%",Headgear,,"38,600,000",115.95%,191.42%,103.00%,103.00%,133.11%,74.26%,,70.95%,45.00%,101.42%,90.00%,61.11%,72.00%,34.26%,40.00%,,"2,696","5,392","2,022",674,,,,,,,,,,,,,,,,,,,,,,,,,,,,Normal
10279,141,Anopheles,269,449,96,Wind,Insect,Small,"HP Regen per 5s +7%
PVP Final P.DMG RED +8.4%",Clothes,,"14,818,979",116.33%,193.00%,105.00%,105.00%,134.45%,74.46%,,71.33%,45.00%,102.00%,91.00%,61.45%,73.00%,34.46%,40.00%,,2725,5450,2044,681,,,,,,,,,,,,,,,,,,,,,,,,,,,,Normal
10283,141,Water Spirit,1346,808,288,Water,Formless,Large,"Max HP +28%
Bleed RES +52.5%",Shoes,,"44,456,937",155.92%,155.92%,105.00%,105.00%,134.45%,74.46%,,87.92%,68.00%,87.92%,68.00%,61.45%,73.00%,34.46%,40.00%,,4088,4088,2044,681,,,,,,,,,,,,,,,,,,,,,,,,,,,,Normal
10291,142,Gremlin,817,1361,291,Shadow,Demon,Large,Bonus  DMG to Small +35%,Accessory,,"15,119,909",194.39%,117.60%,105.00%,105.00%,134.68%,74.60%,,102.39%,92.00%,71.60%,46.00%,61.68%,73.00%,34.60%,40.00%,,5489,2745,2059,686,,,,,,,,,,,,,,,,,,,,,,,,,,,,Normal
10282,142,Roween,908,545,194,Wind,Brute,Medium,"Reduce DMG from Demon +17.5%
M.DMG RED +3360",Clothes,,"30,239,818",194.39%,117.60%,105.00%,105.00%,134.68%,74.60%,,102.39%,92.00%,71.60%,46.00%,61.68%,73.00%,34.60%,40.00%,,5489,2745,2059,686,,,,,,,,,,,,,,,,,,,,,,,,,,,,Normal
10285,143,Siroma,459,275,98,Water,Formless,Small,P.DMG Bonus +6720,Weapon,,"15,599,600",196.42%,119.28%,107.00%,107.00%,137.26%,74.97%,,103.42%,93.00%,72.28%,47.00%,62.26%,75.00%,34.97%,40.00%,,5592,2796,2097,699,,,,,,,,,,,,,,,,,,,,,,,,,,,,Normal
10284,143,Phylla,551,918,196,Water,Formless,Medium,"Reduce DMG from Fish +17.5%
P.DMG RED +3360",Shoes,,"31,199,199",196.42%,119.28%,107.00%,107.00%,137.26%,74.97%,,103.42%,93.00%,72.28%,47.00%,62.26%,75.00%,34.97%,40.00%,,5592,2796,2097,699,,,,,,,,,,,,,,,,,,,,,,,,,,,,Normal
10281,144,Hill Wind,928,557,198,Wind,Brute,Medium,"Reduce DMG from Angel +17.5%
P.DMG RED +3360",Cloak,,"32,176,110",199.44%,120.96%,109.00%,109.00%,138.85%,75.30%,,104.44%,95.00%,72.96%,48.00%,62.85%,76.00%,35.30%,40.00%,,5694,2847,2135,712,,,,,,,,,,,,,,,,,,,,,,,,,,,,Normal
10295,144,Isra,557,928,198,Neutral,Demi-Human,Medium,P.ATK +28%,Headgear,,"32,176,110",199.44%,120.96%,109.00%,109.00%,138.85%,75.30%,,104.44%,95.00%,72.96%,48.00%,62.85%,76.00%,35.30%,40.00%,,5694,2847,2135,712,,,,,,,,,,,,,,,,,,,,,,,,,,,,Normal
10290,145,Beholder,563,188,100,Wind,Formless,Small,"Neutral Attribute RES +52.5%
P.DMG Reflect +14%",Accessory,,"16,585,342",121.65%,121.65%,111.00%,111.00%,100.25%,123.65%,,73.65%,48.00%,73.65%,48.00%,52.25%,48.00%,73.65%,50.00%,,2899,2899,1499,2899,,,,,,,,,,,,,,,,,,,,,,,,,,,,Normal
10289,145,Ice Wolf,375,1125,200,Water,Brute,Medium,"Final M.PEN +14%
Final M.DMG Bonus +14%",Weapon,,"33,170,685",202.48%,121.65%,111.00%,111.00%,140.45%,75.63%,,105.48%,97.00%,73.65%,48.00%,63.45%,77.00%,35.63%,40.00%,,5798,2899,2174,725,,,,,,,,,,,,,,,,,,,,,,,,,,,,Normal
10292,146,Gazeti,1137,379,202,Water,Demon,Medium,Bonus DMG to Medium +35%,Weapon,,"34,183,061",204.52%,123.35%,113.00%,113.00%,143.05%,75.95%,,106.52%,98.00%,74.35%,49.00%,64.05%,79.00%,35.95%,40.00%,,5902,2951,2213,738,,,,,,,,,,,,,,,,,,,,,,,,,,,,Normal
10293,146,Vanberk,379,1137,202,Neutral,Demi-Human,Medium,Bonus DMG to Large +35%,Accessory,,"34,183,061",123.35%,123.35%,113.00%,113.00%,100.82%,123.87%,,74.35%,49.00%,74.35%,49.00%,51.82%,49.00%,73.87%,50.00%,,2951,2951,1475,2915,,,,,,,,,,,,,,,,,,,,,,,,,,,,Normal
10286,147,Iceicle,383,383,102,Water,Formless,Small,Crit DMG Bonus +56%,Weapon,,"35,213,374",207.57%,125.04%,115.00%,115.00%,144.65%,76.28%,,107.57%,100.00%,75.04%,50.00%,64.65%,80.00%,36.28%,40.00%,,6007,3003,2252,751,,,,,,,,,,,,,,,,,,,,,,,,,,,,Normal
10280,147,Drosera,766,766,204,Earth,Plant,Medium,"HP Regen per 5s +7%
PVP Final M.DMG RED +8.4%",Cloak,,"35,213,374",167.42%,167.42%,115.00%,115.00%,144.65%,76.28%,,92.42%,75.00%,92.42%,75.00%,64.65%,80.00%,36.28%,40.00%,,4505,4505,2252,751,,,,,,,,,,,,,,,,,,,,,,,,,,,,Normal
10294,148,Seeker,194,581,103,Wind,Formless,Small,"STUN RES +42%
Max HP +33.6%",Headgear,,"36,271,687",126.71%,210.64%,117.00%,117.00%,147.26%,76.60%,,75.71%,51.00%,108.64%,102.00%,65.26%,82.00%,36.60%,40.00%,,3057,6114,2293,764,,,,,,,,,,,,,,,,,,,,,,,,,,,,Normal
10287,148,Snowier,1742,581,309,Water,Formless,Large,M.DMG Bonus +6720,Weapon,,"54,407,531",210.64%,126.71%,117.00%,117.00%,147.26%,76.60%,,108.64%,102.00%,75.71%,51.00%,65.26%,82.00%,36.60%,40.00%,,6114,3057,2293,764,,,,,,,,,,,,,,,,,,,,,,,,,,,,Normal
10297,149,Echio,1173,391,208,Neutral,Demi-Human,Medium,Final P.PEN +28%,Headgear,,"37,358,575",128.39%,128.39%,119.00%,119.00%,105.29%,126.39%,,76.39%,52.00%,76.39%,52.00%,53.29%,52.00%,76.39%,50.00%,,3111,3111,1556,3111,,,,,,,,,,,,,,,,,,,,,,,,,,,,Normal
10296,149,Hodremlin,391,1173,208,Shadow,Demon,Medium,M.ATK +28%,Headgear,,"37,358,575",172.13%,172.13%,119.00%,119.00%,148.84%,76.95%,,94.13%,78.00%,94.13%,78.00%,65.84%,83.00%,36.95%,40.00%,,4667,4667,2334,778,,,,,,,,,,,,,,,,,,,,,,,,,,,,Normal
10298,150,Agav,790,790,210,Neutral,Demi-Human,Medium,Final M.PEN +28%,Headgear,,"38,464,399",130.08%,216.83%,121.00%,121.00%,150.43%,77.30%,,77.08%,53.00%,110.83%,106.00%,66.43%,84.00%,37.30%,40.00%,,3166,6333,2375,792,,,,,,,,,,,,,,,,,,,,,,,,,,,,Normal
10288,150,Ice Titan,1185,1185,315,Water,Formless,Large,Final P.DMG Bonus +28%,Weapon,,"57,696,598",216.83%,130.08%,121.00%,121.00%,150.43%,77.30%,,110.83%,106.00%,77.08%,53.00%,66.43%,84.00%,37.30%,40.00%,,6333,3166,2375,792,,,,,,,,,,,,,,,,,,,,,,,,,,,,Normal
,,,,,,,,,,,,,,,,,,,,,,,,,,,,,,,,,,,,,,,,,,,,,,,,,,,,,,,,,,,,
,,,,,,,,,,,,,,,,,,,,,,,,,,,,,,,,,,,,,,,,,,,,,,,,,,,,,,,,,,,,
,,,,,,,,,,,,,,,,,,,,,,,,,,,,,,,,,,,,,,,,,,,,,,,,,,,,,,,,,,,,
,,,,,,,,,,,,,,,,,,,,,,,,,,,,,,,,,,,,,,,,,,,,,,,,,,,,,,,,,,,,
,,,,,,,,,,,,,,,,,,,,,,,,,,,,,,,,,,,,,,,,,,,,,,,,,,,,,,,,,,,,
,,Average Lv.101-110,,,,Water,Brute,Medium,,,,"6,119,996",103.94%,101.16%,62.64%,62.64%,45.21%,48.67%,,,,,,,,,,,,,,,,,,,,,,,,,,,,,,,,,,,,,,,,,,Normal
,,Average Lv.111-120,,,,Earth,Demon,Medium,,,,"10,597,316",121.16%,102.23%,69.66%,69.66%,93.82%,57.47%,,,,,,,,,,,,,,,,,,,,,,,,,,,,,,,,,,,,,,,,,,Normal
,,Average Lv.121-130,,,,Wind,Formless,Medium,,,,"17,018,637",136.01%,113.43%,82.46%,82.46%,105.77%,66.36%,,,,,,,,,,,,,,,,,,,,,,,,,,,,,,,,,,,,,,,,,,Normal
,,Average Lv.131-140,,,,Fire,Formless,Small,,,,"20,834,000",153.93%,122.67%,95.80%,95.80%,117.93%,73.56%,,,,,,,,,,,,,,,,,,,,,,,,,,,,,,,,,,,,,,,,,,Normal
,,Average Lv.141-150,,,,Water,Formless,Medium,,,,"33,294,646",173.23%,141.59%,112.20%,112.20%,135.69%,83.07%,,,,,,,,,,,,,,,,,,,,,,,,,,,,,,,,,,,,,,,,,,Normal